{"type":"FeatureCollection","name":"buffer500m","features":[{"type":"Feature","properties":{"etape":1,"nom":"Étape 1","depart":"Macinaggio","arrivee":"Barcaggio","parcours":"Macinaggio → Barcaggio","buffer_m":500},"geometry":{"type":"Polygon","coordinates":[[[9.407409,43.009916],[9.407536,43.009915],[9.407965,43.00989],[9.407985,43.009889],[9.408096,43.009882],[9.408452,43.00996],[9.409138,43.010061],[9.409952,43.010122],[9.409967,43.010158],[9.410176,43.010555],[9.410356,43.010846],[9.410519,43.011072],[9.410677,43.011269],[9.410902,43.011526],[9.411082,43.011713],[9.411228,43.011852],[9.411726,43.01224],[9.412452,43.012704],[9.413044,43.013013],[9.413106,43.013038],[9.413304,43.013176],[9.413362,43.013216],[9.413439,43.013268],[9.413456,43.013281],[9.413675,43.013454],[9.413868,43.013597],[9.414136,43.013779],[9.414344,43.01391],[9.414544,43.014027],[9.414691,43.014109],[9.41489,43.014214],[9.415042,43.014289],[9.415325,43.014423],[9.415828,43.014623],[9.416007,43.014681],[9.41601,43.014682],[9.416591,43.014904],[9.417217,43.015045],[9.417626,43.015109],[9.417999,43.015181],[9.418535,43.015225],[9.41862,43.015228],[9.418719,43.015237],[9.418806,43.015233],[9.418883,43.015235],[9.418978,43.015265],[9.419559,43.015411],[9.419695,43.015436],[9.420263,43.015506],[9.421026,43.015556],[9.421602,43.01556],[9.421861,43.015547],[9.422373,43.015495],[9.423046,43.01539],[9.423275,43.015342],[9.423489,43.015313],[9.424192,43.01518],[9.42471,43.01505],[9.424982,43.014965],[9.425316,43.014846],[9.425749,43.014671],[9.426064,43.014528],[9.42635,43.014383],[9.426709,43.014176],[9.426721,43.014167],[9.426977,43.014178],[9.427586,43.014165],[9.428184,43.014079],[9.428963,43.013917],[9.429533,43.01376],[9.43006,43.013536],[9.430725,43.013197],[9.431194,43.012912],[9.431593,43.012574],[9.432071,43.012094],[9.432388,43.011712],[9.432615,43.011297],[9.432854,43.01073],[9.432861,43.010706],[9.433084,43.010469],[9.433359,43.010016],[9.433648,43.009392],[9.433806,43.00891],[9.433833,43.008773],[9.433871,43.008424],[9.43388,43.00796],[9.433868,43.007785],[9.433874,43.007759],[9.433886,43.007672],[9.4339,43.007536],[9.433913,43.007355],[9.433917,43.007219],[9.433917,43.007032],[9.433888,43.006694],[9.433891,43.006559],[9.433879,43.0063],[9.433857,43.0061],[9.433824,43.005943],[9.4343,43.005896],[9.434819,43.005813],[9.434938,43.005797],[9.435088,43.005766],[9.435089,43.00577],[9.435099,43.005769],[9.435137,43.00576],[9.435207,43.005753],[9.435283,43.005743],[9.435283,43.005742],[9.435519,43.005718],[9.436191,43.005611],[9.436687,43.005505],[9.437052,43.005385],[9.437183,43.005351],[9.437689,43.005189],[9.437804,43.005136],[9.437827,43.005128],[9.438193,43.00503],[9.438663,43.004875],[9.438777,43.004823],[9.439199,43.004887],[9.439771,43.004949],[9.440204,43.004977],[9.440494,43.004983],[9.441325,43.004931],[9.442407,43.00477],[9.4432,43.004582],[9.443443,43.004501],[9.44413,43.004203],[9.444976,43.003737],[9.445036,43.003703],[9.445126,43.003651],[9.445408,43.003471],[9.445435,43.003452],[9.445551,43.003395],[9.445901,43.003171],[9.446341,43.002852],[9.44665,43.002598],[9.446792,43.002465],[9.44708,43.002152],[9.447422,43.001719],[9.447611,43.001436],[9.447791,43.001241],[9.448107,43.000823],[9.44823,43.00062],[9.448347,43.000363],[9.448744,43.000117],[9.449135,42.999782],[9.449603,42.999305],[9.449914,42.998927],[9.450136,42.998517],[9.450371,42.997955],[9.450499,42.997524],[9.450524,42.997387],[9.450542,42.996792],[9.450463,42.996132],[9.450782,42.995954],[9.451352,42.995556],[9.451711,42.99549],[9.451919,42.995437],[9.452023,42.995415],[9.45207,42.995405],[9.452133,42.995391],[9.45218,42.99538],[9.452421,42.995324],[9.452644,42.995266],[9.452939,42.995182],[9.453157,42.995114],[9.453397,42.995032],[9.453993,42.994776],[9.454737,42.994383],[9.455257,42.994049],[9.455683,42.99365],[9.456178,42.993084],[9.456495,42.992633],[9.456569,42.992498],[9.456711,42.992185],[9.456779,42.991998],[9.456856,42.991956],[9.456929,42.991902],[9.456939,42.991903],[9.457149,42.991922],[9.457234,42.991928],[9.457823,42.991933],[9.458529,42.991898],[9.458564,42.9919],[9.458618,42.991904],[9.458898,42.991919],[9.459271,42.991929],[9.459551,42.991928],[9.459872,42.991918],[9.460451,42.991865],[9.460974,42.991787],[9.461198,42.991775],[9.461383,42.99176],[9.461869,42.991696],[9.462505,42.991579],[9.462974,42.991468],[9.463419,42.991312],[9.463991,42.991076],[9.464403,42.990878],[9.464669,42.990709],[9.46518,42.990505],[9.465682,42.990263],[9.465802,42.990195],[9.465935,42.99012],[9.466012,42.990074],[9.466519,42.989796],[9.46733,42.989233],[9.467871,42.98876],[9.467979,42.98864],[9.468019,42.988594],[9.468072,42.988533],[9.468111,42.988487],[9.468209,42.988368],[9.468432,42.988052],[9.46869,42.987618],[9.468854,42.987283],[9.468957,42.986936],[9.469052,42.986467],[9.469091,42.986113],[9.469094,42.985973],[9.469047,42.98558],[9.469047,42.985438],[9.469002,42.984958],[9.468935,42.9846],[9.468803,42.984251],[9.468586,42.983797],[9.468392,42.983465],[9.468211,42.983242],[9.468133,42.983117],[9.467898,42.982796],[9.467606,42.982502],[9.467177,42.982126],[9.467142,42.982099],[9.467132,42.981739],[9.467116,42.981674],[9.467099,42.981548],[9.467098,42.981489],[9.467104,42.981489],[9.467104,42.981469],[9.467095,42.981305],[9.467095,42.981296],[9.467095,42.98129],[9.467092,42.981251],[9.467061,42.980962],[9.467025,42.980746],[9.466976,42.980525],[9.466906,42.980283],[9.466794,42.979964],[9.466694,42.979727],[9.466601,42.979537],[9.466331,42.979107],[9.466256,42.979012],[9.466256,42.978665],[9.466187,42.978071],[9.466085,42.977628],[9.466033,42.977479],[9.465895,42.977164],[9.465677,42.976755],[9.465539,42.976538],[9.465505,42.976271],[9.465388,42.975909],[9.465187,42.975436],[9.465003,42.975089],[9.464756,42.974764],[9.464387,42.974349],[9.464081,42.974052],[9.463979,42.973966],[9.463363,42.973553],[9.463342,42.973541],[9.463249,42.973471],[9.462691,42.973128],[9.462565,42.973065],[9.462519,42.973043],[9.462459,42.973014],[9.462413,42.972992],[9.462317,42.972947],[9.461985,42.972808],[9.46153,42.972641],[9.461181,42.972529],[9.460993,42.972477],[9.460922,42.972458],[9.460827,42.972433],[9.460756,42.972416],[9.460747,42.972413],[9.460783,42.972292],[9.460788,42.972253],[9.460834,42.972171],[9.460918,42.972033],[9.461034,42.971818],[9.461172,42.971527],[9.461263,42.971306],[9.461306,42.971181],[9.461376,42.970931],[9.461446,42.970599],[9.461498,42.970436],[9.461574,42.970058],[9.461634,42.969973],[9.461833,42.969635],[9.461944,42.969405],[9.462125,42.968851],[9.462167,42.96861],[9.462167,42.96861],[9.462191,42.968528],[9.462211,42.968395],[9.462312,42.968301],[9.462755,42.967768],[9.462826,42.967655],[9.463001,42.967317],[9.463194,42.966858],[9.463307,42.966506],[9.463354,42.966146],[9.463374,42.965665],[9.463356,42.965304],[9.463272,42.964948],[9.463117,42.964481],[9.462969,42.964136],[9.46291,42.964025],[9.462659,42.963643],[9.46227,42.963156],[9.46194,42.962808],[9.46154,42.962502],[9.460965,42.962127],[9.460504,42.961871],[9.459994,42.961671],[9.45929,42.961446],[9.458744,42.961307],[9.458618,42.961283],[9.458047,42.961214],[9.458059,42.961147],[9.458042,42.960723],[9.457959,42.960164],[9.457852,42.959748],[9.457658,42.959349],[9.457344,42.958836],[9.457067,42.958465],[9.456714,42.95813],[9.4562,42.957713],[9.45578,42.957423],[9.455304,42.957184],[9.454639,42.956904],[9.454118,42.956724],[9.453565,42.956605],[9.452815,42.95649],[9.452243,42.956436],[9.451667,42.956448],[9.450905,42.956509],[9.450339,42.956588],[9.449796,42.95673],[9.449098,42.956961],[9.448592,42.957164],[9.448136,42.957423],[9.447568,42.957801],[9.447173,42.958109],[9.446848,42.958459],[9.446467,42.958947],[9.446221,42.95933],[9.446056,42.959649],[9.446042,42.959676],[9.446024,42.959711],[9.446011,42.959738],[9.445806,42.960161],[9.445737,42.960319],[9.445654,42.960531],[9.445598,42.960692],[9.445495,42.961032],[9.44547,42.961121],[9.44544,42.961239],[9.445419,42.961328],[9.445366,42.961582],[9.445345,42.9617],[9.445322,42.961859],[9.445308,42.961978],[9.445279,42.962314],[9.445274,42.962389],[9.445269,42.96249],[9.445267,42.962565],[9.445262,42.963048],[9.445262,42.963066],[9.445262,42.96309],[9.445262,42.963109],[9.445265,42.963477],[9.445284,42.963738],[9.445333,42.964085],[9.445387,42.964344],[9.44545,42.964572],[9.445456,42.964595],[9.445465,42.964625],[9.445471,42.964647],[9.445626,42.965163],[9.445737,42.965543],[9.445762,42.965623],[9.445797,42.965728],[9.445826,42.965807],[9.445964,42.966171],[9.446105,42.966474],[9.446326,42.966868],[9.446516,42.967157],[9.446757,42.967474],[9.447006,42.967801],[9.447167,42.967993],[9.447395,42.968243],[9.447578,42.968424],[9.447682,42.96852],[9.44782,42.96871],[9.448142,42.96908],[9.448541,42.969406],[9.448769,42.969564],[9.448558,42.970006],[9.448511,42.970152],[9.448488,42.970238],[9.44813,42.970758],[9.447897,42.971183],[9.447851,42.971293],[9.447745,42.971617],[9.44764,42.972055],[9.447589,42.972387],[9.447594,42.97272],[9.447639,42.973163],[9.4477,42.973494],[9.447717,42.973557],[9.447715,42.973623],[9.447721,42.973794],[9.447797,42.974274],[9.447915,42.974689],[9.447938,42.974816],[9.448034,42.975199],[9.448128,42.975484],[9.44822,42.97571],[9.44824,42.975757],[9.448267,42.975821],[9.448289,42.975868],[9.448292,42.975876],[9.448363,42.976045],[9.448416,42.976161],[9.448491,42.976313],[9.448519,42.976368],[9.4486,42.976561],[9.448745,42.976861],[9.448868,42.977082],[9.44905,42.977373],[9.449062,42.977392],[9.449078,42.977417],[9.44909,42.977436],[9.449203,42.977609],[9.449283,42.977752],[9.449365,42.977884],[9.449479,42.978058],[9.44957,42.978187],[9.449687,42.978343],[9.449922,42.978616],[9.450264,42.978966],[9.450542,42.979217],[9.450736,42.979372],[9.450786,42.979411],[9.450854,42.979463],[9.450905,42.979502],[9.450985,42.979561],[9.45155,42.979902],[9.452357,42.980297],[9.452788,42.980465],[9.452786,42.980468],[9.452815,42.980479],[9.452857,42.980492],[9.453003,42.980549],[9.453131,42.980587],[9.453138,42.980576],[9.453174,42.980586],[9.453251,42.980616],[9.453387,42.980668],[9.45349,42.980705],[9.453625,42.980752],[9.454038,42.980874],[9.454062,42.98088],[9.454062,42.980905],[9.45412,42.981363],[9.454282,42.981808],[9.454566,42.982382],[9.454714,42.982616],[9.454701,42.982725],[9.454701,42.982737],[9.454608,42.982744],[9.454176,42.982789],[9.453855,42.982833],[9.453731,42.982854],[9.453507,42.982885],[9.453159,42.982947],[9.452701,42.983046],[9.452362,42.983132],[9.452291,42.983153],[9.451808,42.983327],[9.451189,42.983593],[9.45094,42.983719],[9.450538,42.983854],[9.450072,42.984079],[9.449484,42.984411],[9.449069,42.984685],[9.4489,42.984815],[9.448577,42.985101],[9.448343,42.985339],[9.448119,42.985464],[9.447892,42.985601],[9.4476,42.985792],[9.447389,42.985942],[9.447281,42.986025],[9.446949,42.986319],[9.446867,42.986404],[9.446597,42.986616],[9.446496,42.986708],[9.44648,42.986711],[9.445888,42.986864],[9.445129,42.987116],[9.444582,42.987341],[9.444373,42.987445],[9.443732,42.98785],[9.443455,42.988071],[9.443395,42.988107],[9.443029,42.988361],[9.442781,42.988557],[9.442285,42.988692],[9.441877,42.988824],[9.441729,42.98888],[9.441696,42.988893],[9.441652,42.988903],[9.441338,42.988989],[9.44085,42.989153],[9.440225,42.989406],[9.439775,42.98962],[9.439373,42.989881],[9.438874,42.990255],[9.438527,42.990555],[9.438244,42.99089],[9.438029,42.99119],[9.437772,42.991507],[9.437646,42.991691],[9.43751,42.991915],[9.437347,42.99222],[9.437238,42.992452],[9.437149,42.992676],[9.437057,42.992969],[9.436963,42.993364],[9.436916,42.993662],[9.436884,42.994037],[9.436884,42.994044],[9.436883,42.994052],[9.436883,42.994058],[9.436855,42.994425],[9.436849,42.994621],[9.43685,42.99464],[9.436809,42.994898],[9.43681,42.99522],[9.436851,42.9957],[9.436345,42.995817],[9.436337,42.99582],[9.436334,42.995821],[9.435617,42.995814],[9.435005,42.995846],[9.43441,42.995952],[9.433637,42.99614],[9.433073,42.996317],[9.432558,42.996561],[9.431912,42.996925],[9.431887,42.996942],[9.431808,42.996946],[9.431244,42.99689],[9.43103,42.996896],[9.430983,42.996894],[9.430787,42.996899],[9.430751,42.996897],[9.430284,42.996904],[9.429723,42.996831],[9.429242,42.996793],[9.429085,42.996788],[9.428587,42.996796],[9.427928,42.996841],[9.427437,42.996899],[9.427237,42.996933],[9.426827,42.997022],[9.426292,42.997162],[9.425899,42.997285],[9.425736,42.997344],[9.425489,42.997394],[9.425026,42.997513],[9.424882,42.997558],[9.424781,42.997595],[9.424652,42.997623],[9.42459,42.997637],[9.424506,42.997656],[9.424444,42.997671],[9.424299,42.997707],[9.423885,42.997831],[9.42335,42.99802],[9.42296,42.99818],[9.422599,42.998373],[9.422141,42.998651],[9.421814,42.998875],[9.421663,42.998991],[9.421459,42.999164],[9.4212,42.999402],[9.421154,42.999448],[9.421112,42.999482],[9.420719,42.999859],[9.420422,43.000282],[9.420251,43.000589],[9.420176,43.0007],[9.42011,43.000821],[9.419991,43.001075],[9.419856,43.001419],[9.419772,43.00168],[9.419741,43.001804],[9.419692,43.002081],[9.41969,43.002096],[9.419683,43.002125],[9.419641,43.002337],[9.419616,43.002497],[9.419595,43.002679],[9.419586,43.003029],[9.419614,43.003495],[9.419635,43.003633],[9.419625,43.003776],[9.419423,43.003626],[9.419175,43.003458],[9.41883,43.003245],[9.418561,43.003094],[9.418161,43.00289],[9.418029,43.002826],[9.417851,43.002743],[9.417715,43.002683],[9.417201,43.002466],[9.416927,43.002362],[9.416555,43.002234],[9.416271,43.002147],[9.415942,43.002058],[9.415784,43.001967],[9.41511,43.00164],[9.414577,43.001426],[9.414004,43.00128],[9.413222,43.001132],[9.412623,43.001056],[9.41228,43.001034],[9.411676,43.001032],[9.411204,43.001059],[9.41076,43.001041],[9.410664,43.001049],[9.410592,43.00103],[9.409952,43.00091],[9.409793,43.000891],[9.409289,43.000856],[9.408616,43.000845],[9.408424,43.000851],[9.408122,43.000699],[9.407608,43.000483],[9.407365,43.000399],[9.406795,43.000243],[9.406015,43.000082],[9.405417,42.999997],[9.404808,42.999985],[9.404,43.000019],[9.403397,43.000082],[9.402816,43.000217],[9.402067,43.000443],[9.401525,43.000646],[9.401035,43.000913],[9.400428,43.001305],[9.400005,43.001627],[9.399661,43.001996],[9.39926,43.002512],[9.399003,43.002918],[9.398924,43.003076],[9.398845,43.003253],[9.398751,43.003491],[9.398689,43.003671],[9.398655,43.003786],[9.398576,43.004218],[9.398535,43.004796],[9.398552,43.005231],[9.39858,43.005418],[9.398687,43.005834],[9.398889,43.006377],[9.399084,43.006775],[9.399362,43.007146],[9.399783,43.007617],[9.400136,43.007952],[9.400556,43.008242],[9.400656,43.0083],[9.400921,43.00855],[9.401383,43.00891],[9.401463,43.008962],[9.402019,43.009261],[9.402806,43.009604],[9.403429,43.009821],[9.404096,43.009949],[9.404999,43.010057],[9.405687,43.010091],[9.405893,43.010087],[9.40635,43.010057],[9.406953,43.00999],[9.407401,43.009919],[9.407409,43.009916]]]}},{"type":"Feature","properties":{"etape":2,"nom":"Étape 2","depart":"Barcaggio","arrivee":"Centuri","parcours":"Barcaggio → Centuri","buffer_m":500},"geometry":{"type":"Polygon","coordinates":[[[9.338394,42.980016],[9.338409,42.980286],[9.338493,42.980756],[9.338533,42.980889],[9.338669,42.981233],[9.338892,42.98168],[9.339089,42.982008],[9.339324,42.98229],[9.339365,42.982345],[9.33948,42.982491],[9.339503,42.982518],[9.339575,42.982614],[9.339668,42.982731],[9.339798,42.982884],[9.339899,42.982997],[9.339943,42.983044],[9.339953,42.983369],[9.340013,42.983858],[9.340093,42.984222],[9.340239,42.984576],[9.340477,42.985035],[9.340688,42.98537],[9.340735,42.985433],[9.341034,42.985771],[9.341078,42.985813],[9.341398,42.986289],[9.34173,42.986689],[9.341752,42.986708],[9.341673,42.986976],[9.341573,42.987485],[9.341535,42.98787],[9.341535,42.987936],[9.341586,42.988383],[9.341625,42.988555],[9.341627,42.988584],[9.341724,42.989163],[9.341846,42.989593],[9.341995,42.989876],[9.342026,42.989962],[9.342178,42.990291],[9.342387,42.990604],[9.342512,42.990765],[9.342567,42.990845],[9.342598,42.990886],[9.342604,42.990884],[9.342628,42.990917],[9.342623,42.990919],[9.342757,42.991095],[9.342909,42.991278],[9.342977,42.991353],[9.343462,42.991784],[9.343571,42.991863],[9.343582,42.991873],[9.343577,42.991876],[9.343586,42.991883],[9.34362,42.991908],[9.343683,42.991966],[9.34372,42.991996],[9.343731,42.991987],[9.344168,42.992299],[9.344374,42.992416],[9.344509,42.992515],[9.3449,42.992732],[9.345095,42.992826],[9.345098,42.992828],[9.345139,42.992849],[9.345297,42.992928],[9.345361,42.992958],[9.345391,42.993181],[9.345413,42.993265],[9.345419,42.993279],[9.34542,42.993324],[9.345432,42.993433],[9.345329,42.993562],[9.345106,42.99389],[9.344946,42.994238],[9.344777,42.99471],[9.34474,42.994849],[9.34474,42.994848],[9.34472,42.99491],[9.344668,42.995112],[9.344612,42.995383],[9.344581,42.995588],[9.34456,42.995797],[9.344552,42.995896],[9.344548,42.995985],[9.344469,42.996205],[9.344361,42.996654],[9.344359,42.996924],[9.34429,42.997183],[9.344264,42.997581],[9.344284,42.998159],[9.344347,42.998591],[9.344504,42.99901],[9.344772,42.999553],[9.345019,42.999949],[9.345067,43.000012],[9.345351,43.000329],[9.345767,43.000731],[9.346109,43.001016],[9.346501,43.001263],[9.346686,43.001364],[9.346716,43.001388],[9.346953,43.001567],[9.347137,43.001696],[9.347259,43.001776],[9.347527,43.001936],[9.347896,43.002136],[9.348061,43.002216],[9.34822,43.002389],[9.348309,43.002473],[9.348671,43.002768],[9.34919,43.003132],[9.349524,43.003334],[9.349618,43.003454],[9.349731,43.003586],[9.350142,43.00398],[9.350751,43.004465],[9.351253,43.004797],[9.351419,43.004888],[9.351918,43.005118],[9.352443,43.005319],[9.352516,43.005348],[9.352741,43.005431],[9.352779,43.005444],[9.353003,43.005509],[9.353002,43.005511],[9.353058,43.005527],[9.353121,43.005565],[9.353159,43.005603],[9.353404,43.005828],[9.353753,43.006114],[9.353949,43.006259],[9.354038,43.00634],[9.354481,43.006678],[9.354587,43.006746],[9.355053,43.007],[9.355707,43.007301],[9.356222,43.007498],[9.356456,43.007571],[9.357024,43.00771],[9.357797,43.007848],[9.358388,43.007917],[9.358603,43.007929],[9.359192,43.007927],[9.359972,43.007879],[9.360553,43.007808],[9.360733,43.007775],[9.361421,43.007594],[9.362297,43.007288],[9.362922,43.00701],[9.363022,43.006955],[9.363079,43.006922],[9.363115,43.006922],[9.363426,43.006915],[9.363693,43.006901],[9.364048,43.006874],[9.364158,43.006863],[9.364406,43.00689],[9.365063,43.006918],[9.365937,43.006897],[9.366186,43.006875],[9.366321,43.006997],[9.366674,43.007273],[9.366807,43.007363],[9.366964,43.00747],[9.367364,43.007707],[9.367924,43.007994],[9.368365,43.008188],[9.368569,43.008264],[9.368654,43.008295],[9.368768,43.008334],[9.368855,43.008364],[9.369036,43.008423],[9.369494,43.008546],[9.370116,43.00868],[9.370592,43.008758],[9.370728,43.008766],[9.370742,43.008768],[9.371111,43.008815],[9.371128,43.008816],[9.371357,43.008846],[9.371802,43.008889],[9.372137,43.008909],[9.372455,43.008918],[9.372795,43.008916],[9.373247,43.008899],[9.373585,43.008874],[9.373899,43.00884],[9.374358,43.008768],[9.37496,43.008643],[9.375403,43.008529],[9.37556,43.00848],[9.375758,43.008404],[9.375783,43.008424],[9.375844,43.008502],[9.375981,43.008663],[9.376118,43.008813],[9.37631,43.009008],[9.376461,43.009151],[9.37658,43.009257],[9.376708,43.009404],[9.376845,43.009521],[9.377045,43.009743],[9.377317,43.010006],[9.377631,43.010244],[9.378075,43.01054],[9.378426,43.010748],[9.37868,43.01088],[9.378851,43.010964],[9.379083,43.011071],[9.379261,43.011147],[9.379545,43.011262],[9.379604,43.011285],[9.379682,43.011316],[9.379742,43.011339],[9.37992,43.011405],[9.379971,43.011423],[9.380039,43.011448],[9.380091,43.011465],[9.380234,43.011514],[9.380877,43.011675],[9.380886,43.011677],[9.381186,43.011788],[9.381272,43.011837],[9.381325,43.011864],[9.381472,43.011948],[9.381943,43.012178],[9.382457,43.012353],[9.383223,43.012562],[9.383816,43.012684],[9.384428,43.012731],[9.385245,43.012744],[9.385859,43.012716],[9.385933,43.012708],[9.386128,43.012675],[9.386707,43.01263],[9.386864,43.012605],[9.38688,43.012601],[9.386981,43.012595],[9.387433,43.012544],[9.388029,43.012449],[9.388469,43.012357],[9.388891,43.012226],[9.389436,43.012026],[9.38978,43.011879],[9.390061,43.011986],[9.390658,43.012177],[9.391118,43.012298],[9.391596,43.012373],[9.39224,43.012442],[9.392727,43.01247],[9.39307,43.012473],[9.393926,43.012407],[9.395037,43.012222],[9.395848,43.012012],[9.396172,43.011895],[9.396198,43.011885],[9.396232,43.011873],[9.396257,43.011864],[9.39663,43.011724],[9.396678,43.011702],[9.396687,43.011705],[9.397462,43.011948],[9.398064,43.012093],[9.398273,43.012129],[9.398346,43.012141],[9.398443,43.012156],[9.39849,43.012163],[9.398827,43.012237],[9.399255,43.012312],[9.399692,43.012348],[9.400277,43.012371],[9.400716,43.012369],[9.400818,43.012364],[9.401473,43.012288],[9.402326,43.01213],[9.402951,43.011969],[9.403158,43.0119],[9.403444,43.011812],[9.403736,43.011711],[9.404117,43.011564],[9.404396,43.011445],[9.404701,43.011301],[9.405053,43.011112],[9.405501,43.010841],[9.40582,43.010623],[9.406101,43.010379],[9.406449,43.010038],[9.40669,43.009771],[9.406731,43.009719],[9.406979,43.009337],[9.407255,43.008812],[9.407419,43.008406],[9.407495,43.007986],[9.407536,43.007424],[9.407521,43.007001],[9.407417,43.006585],[9.407219,43.006041],[9.407027,43.005642],[9.406752,43.00527],[9.406335,43.004797],[9.405984,43.004461],[9.405566,43.00417],[9.404971,43.003815],[9.404496,43.003575],[9.403975,43.003392],[9.40326,43.00319],[9.402707,43.003069],[9.402135,43.003014],[9.401769,43.002999],[9.401624,43.002916],[9.40117,43.002601],[9.400614,43.002283],[9.399984,43.002049],[9.399113,43.001798],[9.398585,43.001688],[9.398429,43.001639],[9.397754,43.001479],[9.397051,43.001418],[9.396111,43.001403],[9.395404,43.001442],[9.39509,43.001482],[9.394799,43.001528],[9.394415,43.0016],[9.394131,43.001663],[9.393875,43.001728],[9.393321,43.001908],[9.392613,43.00219],[9.39239,43.002298],[9.392222,43.00225],[9.391591,43.002158],[9.39074,43.00209],[9.390097,43.00208],[9.389935,43.002088],[9.389886,43.002091],[9.389821,43.002095],[9.389772,43.002098],[9.38941,43.002123],[9.388975,43.002172],[9.388403,43.002264],[9.387979,43.002351],[9.387373,43.002505],[9.387161,43.002564],[9.386881,43.00265],[9.386674,43.002719],[9.386306,43.002852],[9.38589,43.002901],[9.385624,43.002948],[9.385401,43.002746],[9.385366,43.002718],[9.385173,43.002517],[9.384789,43.00218],[9.384679,43.002098],[9.384674,43.002094],[9.384645,43.002066],[9.384204,43.001686],[9.383846,43.001417],[9.38344,43.001188],[9.382873,43.000911],[9.382428,43.000725],[9.381957,43.000588],[9.38178,43.00049],[9.381254,43.000238],[9.381003,42.999983],[9.380713,42.999725],[9.380629,42.999659],[9.379986,42.999258],[9.379057,42.998802],[9.37831,42.998521],[9.377898,42.998315],[9.377523,42.998151],[9.377376,42.998095],[9.376928,42.997951],[9.376315,42.997789],[9.375844,42.99769],[9.375359,42.997638],[9.37471,42.9976],[9.374221,42.997596],[9.373735,42.997639],[9.373095,42.997729],[9.372621,42.997819],[9.372494,42.99785],[9.372132,42.997954],[9.372039,42.997985],[9.371857,42.998028],[9.371518,42.99815],[9.371464,42.998117],[9.370793,42.997767],[9.370259,42.997537],[9.36968,42.997375],[9.368888,42.997209],[9.36828,42.997121],[9.367661,42.997109],[9.366839,42.997144],[9.366226,42.997209],[9.365636,42.997348],[9.364877,42.997581],[9.364439,42.997749],[9.36407,42.997861],[9.364068,42.997862],[9.363989,42.997863],[9.363917,42.997864],[9.363822,42.997866],[9.36375,42.997868],[9.363245,42.997887],[9.363016,42.997901],[9.362722,42.997926],[9.362639,42.997924],[9.362579,42.997924],[9.362498,42.997923],[9.36248,42.997923],[9.362276,42.997903],[9.362054,42.997886],[9.361756,42.99787],[9.361532,42.997863],[9.361222,42.99786],[9.360587,42.997894],[9.359848,42.997982],[9.359818,42.997963],[9.359366,42.997763],[9.359289,42.997734],[9.359253,42.997697],[9.358737,42.997267],[9.357975,42.996755],[9.357838,42.99668],[9.357523,42.99635],[9.357485,42.996316],[9.357552,42.996156],[9.357705,42.995678],[9.357786,42.995314],[9.357808,42.995142],[9.357824,42.994902],[9.357826,42.994548],[9.357848,42.994391],[9.357859,42.993874],[9.357829,42.993485],[9.357724,42.993104],[9.357705,42.993054],[9.357712,42.993038],[9.357763,42.992903],[9.357933,42.992604],[9.357984,42.992492],[9.358131,42.992044],[9.358257,42.991439],[9.358298,42.990979],[9.358232,42.99052],[9.358074,42.989918],[9.357903,42.989475],[9.357631,42.989059],[9.357207,42.988532],[9.356929,42.988245],[9.356847,42.988147],[9.356741,42.988044],[9.356275,42.98767],[9.356131,42.987575],[9.355927,42.987379],[9.355781,42.987257],[9.355891,42.987065],[9.356092,42.986602],[9.356176,42.98612],[9.35621,42.985476],[9.356175,42.984991],[9.35616,42.984914],[9.355988,42.9844],[9.355889,42.984193],[9.355645,42.983637],[9.355485,42.983363],[9.35547,42.983333],[9.355417,42.983224],[9.355175,42.982836],[9.354985,42.982584],[9.35499,42.98257],[9.35505,42.9824],[9.35512,42.982171],[9.355165,42.981998],[9.355178,42.981937],[9.355222,42.981548],[9.355229,42.981029],[9.355196,42.98064],[9.355194,42.980632],[9.355194,42.980631],[9.35511,42.980274],[9.355049,42.980089],[9.355048,42.980089],[9.355006,42.97994],[9.354965,42.979832],[9.354956,42.979805],[9.354905,42.979687],[9.354909,42.979686],[9.354823,42.979461],[9.354653,42.97911],[9.354417,42.978778],[9.354063,42.978355],[9.353768,42.978051],[9.353694,42.977985],[9.35343,42.977785],[9.353589,42.977719],[9.354091,42.97748],[9.354453,42.977284],[9.354622,42.97718],[9.355052,42.976868],[9.355575,42.976419],[9.355929,42.976059],[9.356107,42.975797],[9.356221,42.975655],[9.356299,42.975578],[9.356755,42.975033],[9.357046,42.974602],[9.357229,42.97414],[9.357397,42.973513],[9.357465,42.973034],[9.357468,42.972887],[9.357437,42.972497],[9.357346,42.971983],[9.357239,42.9716],[9.357144,42.971407],[9.357064,42.971185],[9.356804,42.970766],[9.356624,42.970531],[9.356724,42.970335],[9.356839,42.969926],[9.356934,42.969375],[9.356948,42.969169],[9.35698,42.969079],[9.357002,42.96899],[9.357131,42.968554],[9.357243,42.967772],[9.357241,42.967608],[9.357281,42.967487],[9.357324,42.967064],[9.357322,42.966502],[9.357274,42.96608],[9.357138,42.965668],[9.356899,42.965134],[9.356677,42.964743],[9.356374,42.964383],[9.355922,42.963929],[9.355546,42.963608],[9.355106,42.963334],[9.354485,42.963004],[9.353993,42.962784],[9.353459,42.962623],[9.35273,42.962451],[9.352169,42.962354],[9.351594,42.962322],[9.350828,42.962323],[9.350254,42.962358],[9.349693,42.962458],[9.348966,42.962634],[9.348434,42.962797],[9.347943,42.963019],[9.347325,42.963351],[9.346887,42.963627],[9.346514,42.96395],[9.346066,42.964406],[9.345766,42.964768],[9.345682,42.96489],[9.345387,42.965481],[9.34536,42.965565],[9.345286,42.965704],[9.345246,42.965801],[9.345179,42.965986],[9.345128,42.966152],[9.345128,42.966152],[9.345128,42.966153],[9.345102,42.966235],[9.345083,42.966311],[9.345082,42.966311],[9.34498,42.966673],[9.344953,42.966817],[9.344932,42.96685],[9.344693,42.967331],[9.344548,42.9677],[9.344527,42.967773],[9.344509,42.967883],[9.344465,42.96797],[9.344325,42.968176],[9.344177,42.968482],[9.344012,42.968897],[9.343989,42.968974],[9.343749,42.969394],[9.343573,42.969781],[9.343546,42.96986],[9.343467,42.970164],[9.343394,42.970571],[9.343363,42.970879],[9.34336,42.97101],[9.343383,42.971332],[9.343378,42.971336],[9.343307,42.971415],[9.342973,42.97188],[9.342793,42.972203],[9.342779,42.972215],[9.342604,42.972384],[9.342382,42.972556],[9.341701,42.973227],[9.341271,42.973774],[9.341209,42.97388],[9.341178,42.973935],[9.341138,42.974008],[9.340931,42.974314],[9.340743,42.974644],[9.340616,42.97499],[9.340489,42.975457],[9.340482,42.975496],[9.340253,42.975684],[9.339893,42.97603],[9.339838,42.976093],[9.339621,42.976387],[9.339592,42.976418],[9.33925,42.97687],[9.339027,42.977222],[9.338874,42.977595],[9.338867,42.977619],[9.338804,42.97772],[9.338617,42.978091],[9.338506,42.978479],[9.338472,42.978661],[9.338366,42.979065],[9.338352,42.979522],[9.338394,42.980016]]]}},{"type":"Feature","properties":{"etape":3,"nom":"Étape 3","depart":"Centuri","arrivee":"Luri","parcours":"Centuri → Luri","buffer_m":500},"geometry":{"type":"Polygon","coordinates":[[[9.342079,42.962637],[9.34208,42.962637],[9.341987,42.962861],[9.341833,42.963342],[9.341752,42.963709],[9.341739,42.963812],[9.341739,42.964316],[9.341825,42.964982],[9.341954,42.965477],[9.342205,42.965946],[9.342617,42.966543],[9.342983,42.96697],[9.343092,42.967074],[9.343209,42.967177],[9.34323,42.967212],[9.343704,42.967817],[9.344119,42.968246],[9.344291,42.968391],[9.344691,42.96868],[9.345262,42.969034],[9.345717,42.969275],[9.346217,42.969462],[9.346245,42.969471],[9.346326,42.969545],[9.346607,42.969781],[9.34702,42.970077],[9.347608,42.970437],[9.348079,42.970682],[9.348595,42.97087],[9.349307,42.971079],[9.349857,42.971205],[9.350427,42.971267],[9.351192,42.971304],[9.351768,42.971299],[9.352337,42.971228],[9.35308,42.97109],[9.353626,42.970955],[9.354137,42.970758],[9.354785,42.970459],[9.355248,42.970206],[9.355651,42.969903],[9.356141,42.969471],[9.356475,42.969126],[9.35673,42.968746],[9.357015,42.968224],[9.357132,42.96795],[9.35717,42.967897],[9.357352,42.967532],[9.357545,42.967034],[9.357653,42.966654],[9.357686,42.966265],[9.357678,42.965748],[9.357634,42.965361],[9.357614,42.965267],[9.357495,42.964887],[9.357287,42.964392],[9.357094,42.964029],[9.356832,42.963691],[9.356599,42.963435],[9.356624,42.96342],[9.357052,42.963125],[9.35741,42.962783],[9.357835,42.962303],[9.358115,42.961924],[9.358309,42.961518],[9.358409,42.961239],[9.358442,42.961196],[9.358758,42.9607],[9.358956,42.960315],[9.359072,42.959912],[9.359077,42.959883],[9.35927,42.959616],[9.359453,42.959239],[9.359644,42.958725],[9.359749,42.958332],[9.359774,42.958178],[9.359793,42.957692],[9.359739,42.957048],[9.359638,42.956568],[9.359578,42.956439],[9.359509,42.956198],[9.359506,42.95619],[9.359558,42.956001],[9.359572,42.955918],[9.359583,42.955456],[9.359986,42.955289],[9.360137,42.955212],[9.360453,42.955031],[9.360856,42.954773],[9.361032,42.954648],[9.361137,42.954597],[9.361191,42.954568],[9.361528,42.954425],[9.361673,42.954347],[9.361846,42.95426],[9.361895,42.95423],[9.361946,42.95422],[9.362501,42.954081],[9.362865,42.953974],[9.362873,42.953971],[9.362887,42.953967],[9.363518,42.95375],[9.363975,42.953562],[9.364391,42.953328],[9.364914,42.95299],[9.365281,42.952715],[9.36559,42.952404],[9.36568,42.9523],[9.366029,42.952122],[9.366567,42.951787],[9.366634,42.951736],[9.366801,42.95164],[9.367068,42.951475],[9.367262,42.951347],[9.367342,42.95129],[9.36767,42.951023],[9.368073,42.950647],[9.36835,42.95035],[9.36857,42.950028],[9.368779,42.949665],[9.36907,42.949457],[9.369445,42.949145],[9.369749,42.948794],[9.370103,42.948306],[9.370331,42.947925],[9.370422,42.947671],[9.370643,42.947499],[9.370985,42.947189],[9.371261,42.946846],[9.371582,42.946371],[9.371786,42.946001],[9.371914,42.945613],[9.372032,42.94509],[9.372081,42.944693],[9.372075,42.944616],[9.372171,42.944582],[9.372639,42.944379],[9.373061,42.944128],[9.373091,42.944107],[9.373129,42.944089],[9.373513,42.94388],[9.373728,42.943746],[9.373769,42.943733],[9.374259,42.94355],[9.374416,42.94348],[9.374515,42.943434],[9.374646,42.943372],[9.374743,42.943324],[9.374797,42.943296],[9.374888,42.943332],[9.37544,42.943513],[9.376025,42.943625],[9.376066,42.94363],[9.376259,42.943686],[9.376266,42.943688],[9.376276,42.943691],[9.376284,42.943693],[9.376757,42.943828],[9.376773,42.943833],[9.376794,42.943839],[9.376811,42.943843],[9.377175,42.943944],[9.377373,42.943995],[9.37764,42.944056],[9.377842,42.944098],[9.378285,42.94418],[9.378395,42.944199],[9.378543,42.944223],[9.378655,42.94424],[9.378997,42.944287],[9.379103,42.9443],[9.379245,42.944317],[9.379352,42.944328],[9.379523,42.944344],[9.3798,42.944399],[9.380391,42.944481],[9.381187,42.944542],[9.381789,42.944551],[9.382385,42.944488],[9.383165,42.944357],[9.383738,42.944224],[9.384275,42.944023],[9.384956,42.943714],[9.38544,42.943452],[9.38586,42.943135],[9.386151,42.942876],[9.386309,42.942779],[9.386632,42.942555],[9.386916,42.942305],[9.387295,42.941925],[9.387555,42.941626],[9.387623,42.941535],[9.387869,42.941129],[9.388135,42.940572],[9.388288,42.940141],[9.388342,42.939699],[9.388348,42.939108],[9.388302,42.938665],[9.388265,42.938494],[9.388103,42.938023],[9.38808,42.937975],[9.388054,42.937768],[9.387833,42.936984],[9.387576,42.93641],[9.387529,42.936333],[9.387966,42.936166],[9.388118,42.936107],[9.388203,42.936073],[9.388331,42.936021],[9.388426,42.935981],[9.388675,42.935872],[9.388838,42.935796],[9.388913,42.935759],[9.38899,42.935753],[9.389723,42.935654],[9.390265,42.935549],[9.390779,42.935384],[9.391437,42.935127],[9.391911,42.934907],[9.392334,42.934637],[9.392856,42.934246],[9.393218,42.933931],[9.39351,42.93358],[9.393579,42.933481],[9.393585,42.933473],[9.393615,42.933429],[9.393656,42.933369],[9.393655,42.933369],[9.393661,42.93336],[9.393791,42.933253],[9.394121,42.932937],[9.39422,42.932826],[9.39444,42.932543],[9.394468,42.932501],[9.394589,42.932379],[9.394853,42.932069],[9.395017,42.931844],[9.395159,42.931627],[9.395267,42.93144],[9.395298,42.93141],[9.395582,42.931095],[9.395686,42.931046],[9.396357,42.930668],[9.396826,42.930352],[9.397215,42.929981],[9.39767,42.929458],[9.397965,42.929043],[9.398158,42.928598],[9.398267,42.928243],[9.398263,42.928242],[9.398282,42.928176],[9.398287,42.928177],[9.398344,42.927991],[9.39843,42.927528],[9.398427,42.927482],[9.398434,42.927442],[9.398458,42.927132],[9.398599,42.926766],[9.398712,42.926355],[9.398737,42.925936],[9.398712,42.925379],[9.398648,42.924962],[9.39863,42.924893],[9.398503,42.92454],[9.398416,42.924348],[9.398407,42.924351],[9.398388,42.924305],[9.398395,42.924303],[9.398292,42.924079],[9.398112,42.923759],[9.3981,42.923726],[9.398009,42.923513],[9.397992,42.92347],[9.397914,42.923293],[9.397892,42.923246],[9.39788,42.92321],[9.397719,42.922819],[9.397603,42.922584],[9.397544,42.922457],[9.39733,42.922082],[9.39704,42.921735],[9.396608,42.921294],[9.39628,42.921009],[9.396364,42.920479],[9.396385,42.920063],[9.396319,42.919649],[9.396174,42.919105],[9.396022,42.918704],[9.395788,42.918324],[9.395784,42.91832],[9.395778,42.918296],[9.395768,42.918249],[9.395619,42.917801],[9.395513,42.91757],[9.395466,42.917421],[9.395281,42.916997],[9.395026,42.916545],[9.394977,42.916462],[9.394925,42.916378],[9.394765,42.915963],[9.394442,42.91535],[9.394142,42.914906],[9.394074,42.914825],[9.393654,42.914417],[9.393029,42.913917],[9.392512,42.913574],[9.392312,42.913465],[9.392208,42.913411],[9.392069,42.91334],[9.391964,42.913289],[9.391764,42.913195],[9.391328,42.913023],[9.390968,42.912801],[9.390465,42.91254],[9.390342,42.912487],[9.390297,42.912469],[9.390257,42.912449],[9.39024,42.912437],[9.389987,42.912269],[9.389771,42.912137],[9.389475,42.911969],[9.389372,42.911915],[9.389226,42.91182],[9.388643,42.911464],[9.388089,42.911185],[9.387938,42.911123],[9.387907,42.911111],[9.387676,42.911002],[9.387626,42.910986],[9.387497,42.910919],[9.386801,42.910616],[9.386253,42.910422],[9.386002,42.910351],[9.385891,42.910323],[9.385697,42.910219],[9.385228,42.910005],[9.3851,42.909956],[9.384816,42.909864],[9.384806,42.909841],[9.384732,42.909576],[9.384616,42.909345],[9.384553,42.90917],[9.384399,42.908833],[9.384187,42.908514],[9.384008,42.908286],[9.38394,42.908154],[9.383627,42.907665],[9.383354,42.907311],[9.383013,42.906991],[9.382516,42.906592],[9.382113,42.906314],[9.381657,42.906083],[9.381497,42.906015],[9.381499,42.90601],[9.381531,42.905828],[9.381565,42.905716],[9.381655,42.905205],[9.381661,42.905071],[9.381638,42.904667],[9.381553,42.904134],[9.381448,42.903737],[9.381384,42.903606],[9.381485,42.903594],[9.382307,42.903445],[9.382911,42.903294],[9.383093,42.903235],[9.383168,42.90321],[9.383265,42.903177],[9.383793,42.903119],[9.384091,42.903066],[9.384328,42.903089],[9.384936,42.903074],[9.385738,42.903004],[9.386334,42.902916],[9.386901,42.902756],[9.387629,42.902498],[9.388153,42.902272],[9.388619,42.901985],[9.388621,42.901984],[9.388623,42.901982],[9.389216,42.901627],[9.389632,42.901334],[9.38998,42.900997],[9.390395,42.900524],[9.390667,42.900151],[9.390857,42.899751],[9.391052,42.899207],[9.391155,42.898791],[9.391167,42.898367],[9.391124,42.897805],[9.391047,42.897386],[9.390881,42.896981],[9.390604,42.896456],[9.390354,42.896075],[9.390025,42.895727],[9.389541,42.895291],[9.389143,42.894985],[9.388685,42.894729],[9.388042,42.894424],[9.387534,42.894224],[9.386991,42.894084],[9.386609,42.89401],[9.386386,42.893938],[9.385837,42.893796],[9.385528,42.893736],[9.385326,42.893701],[9.385055,42.89366],[9.384851,42.893634],[9.384265,42.893571],[9.383689,42.893543],[9.382921,42.89355],[9.382346,42.893588],[9.381787,42.893693],[9.38106,42.893874],[9.380529,42.894042],[9.380418,42.894085],[9.379847,42.894359],[9.37951,42.894556],[9.379144,42.894665],[9.378913,42.894756],[9.378832,42.89478],[9.378719,42.894789],[9.3781,42.894875],[9.377993,42.894897],[9.377836,42.894936],[9.37762,42.894968],[9.3775,42.894998],[9.377289,42.895019],[9.377064,42.895047],[9.376845,42.895079],[9.376749,42.895094],[9.376621,42.895115],[9.376526,42.895132],[9.376286,42.895177],[9.375955,42.895252],[9.375798,42.895293],[9.375489,42.89534],[9.374863,42.895463],[9.374402,42.895578],[9.374309,42.895612],[9.373876,42.895653],[9.373667,42.895685],[9.373634,42.89569],[9.373589,42.895698],[9.373556,42.895703],[9.373353,42.895737],[9.373014,42.895806],[9.37257,42.895914],[9.372243,42.896007],[9.372021,42.896079],[9.371455,42.896308],[9.37141,42.896331],[9.371111,42.896426],[9.370532,42.896658],[9.370473,42.896687],[9.370002,42.896962],[9.369418,42.897365],[9.369015,42.897693],[9.368689,42.898065],[9.368314,42.898585],[9.368076,42.898991],[9.368049,42.89905],[9.367914,42.899435],[9.367788,42.899955],[9.367746,42.900344],[9.367735,42.900344],[9.367732,42.900382],[9.367705,42.900476],[9.367692,42.900557],[9.367649,42.900698],[9.367618,42.900856],[9.367588,42.901202],[9.367552,42.901269],[9.367512,42.901361],[9.367374,42.901807],[9.367259,42.902408],[9.367225,42.902865],[9.367231,42.903012],[9.367257,42.903266],[9.367315,42.903604],[9.367374,42.903855],[9.367411,42.903977],[9.367594,42.904407],[9.367734,42.904659],[9.367581,42.904764],[9.3672,42.905069],[9.366887,42.905412],[9.36652,42.905891],[9.366282,42.906266],[9.366125,42.906663],[9.365972,42.907201],[9.365899,42.907611],[9.365912,42.908024],[9.365987,42.908571],[9.366086,42.908978],[9.366269,42.909369],[9.366565,42.909874],[9.366827,42.91024],[9.367161,42.910572],[9.367651,42.910988],[9.368051,42.911278],[9.368507,42.911521],[9.369144,42.911808],[9.369427,42.911915],[9.369792,42.912194],[9.370332,42.912549],[9.370763,42.912794],[9.370858,42.91284],[9.371578,42.91311],[9.372367,42.913329],[9.372444,42.913638],[9.372665,42.914229],[9.372777,42.914481],[9.372794,42.914513],[9.373105,42.914974],[9.373623,42.915585],[9.374074,42.916014],[9.374132,42.916059],[9.374279,42.916167],[9.374481,42.916307],[9.374636,42.916409],[9.374725,42.916464],[9.374982,42.916609],[9.375335,42.91679],[9.375608,42.916918],[9.375719,42.916965],[9.376366,42.917181],[9.377257,42.917404],[9.377569,42.917459],[9.377799,42.917535],[9.378351,42.917689],[9.378386,42.917697],[9.378603,42.917784],[9.37864,42.917796],[9.378733,42.917834],[9.379362,42.918041],[9.37966,42.918115],[9.380191,42.918362],[9.380723,42.918567],[9.381293,42.918706],[9.381296,42.918706],[9.381384,42.918764],[9.381985,42.919104],[9.382127,42.919172],[9.382262,42.919264],[9.382466,42.919394],[9.382748,42.919559],[9.382961,42.919676],[9.382933,42.920098],[9.382946,42.920499],[9.383041,42.920895],[9.383166,42.921256],[9.383134,42.92132],[9.382968,42.921783],[9.382822,42.922411],[9.38277,42.922888],[9.382834,42.923365],[9.382994,42.923991],[9.383172,42.924452],[9.383199,42.924504],[9.383573,42.925038],[9.384174,42.9257],[9.3847,42.92616],[9.384836,42.926255],[9.384906,42.926297],[9.384692,42.926526],[9.384317,42.927],[9.384104,42.927324],[9.38394,42.927385],[9.383798,42.927445],[9.383293,42.927616],[9.382802,42.927817],[9.3826,42.927932],[9.382585,42.927934],[9.382412,42.927968],[9.381788,42.928137],[9.38099,42.928415],[9.380912,42.928443],[9.38078,42.928492],[9.380362,42.928675],[9.380263,42.928711],[9.37978,42.928922],[9.379346,42.929185],[9.378878,42.929516],[9.378868,42.929518],[9.378362,42.929716],[9.377719,42.930018],[9.377261,42.930271],[9.376862,42.930574],[9.376377,42.931006],[9.376304,42.931083],[9.375832,42.931259],[9.375672,42.931335],[9.375179,42.931615],[9.37457,42.932027],[9.374149,42.932365],[9.373811,42.93275],[9.373424,42.933287],[9.37318,42.933709],[9.373095,42.933971],[9.373038,42.933985],[9.372906,42.934023],[9.372583,42.934036],[9.371907,42.934097],[9.371405,42.934168],[9.370921,42.934291],[9.370294,42.934486],[9.369838,42.934657],[9.369677,42.934728],[9.369496,42.934813],[9.369275,42.934891],[9.368877,42.935053],[9.36851,42.93525],[9.368043,42.935534],[9.367714,42.935762],[9.367628,42.935793],[9.367421,42.935883],[9.366951,42.936127],[9.36691,42.936151],[9.366702,42.936161],[9.366181,42.936214],[9.365675,42.936321],[9.365017,42.936498],[9.364537,42.936657],[9.364401,42.936711],[9.364045,42.936873],[9.363963,42.936915],[9.36357,42.93707],[9.363486,42.937111],[9.363101,42.937327],[9.362616,42.937638],[9.362308,42.937864],[9.362293,42.937872],[9.361902,42.938174],[9.361514,42.938449],[9.361179,42.93877],[9.360778,42.93922],[9.360512,42.939574],[9.36045,42.939697],[9.360377,42.939789],[9.36025,42.939963],[9.360093,42.940199],[9.359984,42.940379],[9.359938,42.940463],[9.359772,42.940847],[9.359603,42.94137],[9.359517,42.941768],[9.359515,42.941971],[9.359362,42.942151],[9.359298,42.942242],[9.359181,42.942437],[9.358909,42.942728],[9.35862,42.943099],[9.358413,42.943499],[9.358198,42.944044],[9.35808,42.944463],[9.358078,42.94449],[9.357836,42.944834],[9.357613,42.94522],[9.357111,42.945534],[9.356665,42.945867],[9.356576,42.945946],[9.356438,42.946093],[9.356364,42.946115],[9.355662,42.946393],[9.354791,42.946832],[9.354518,42.947005],[9.354452,42.94704],[9.354293,42.947109],[9.353494,42.947176],[9.352967,42.947264],[9.3527,42.9473],[9.352665,42.947298],[9.352132,42.947311],[9.351607,42.947379],[9.35092,42.947508],[9.350415,42.947632],[9.350359,42.947652],[9.35032,42.947661],[9.349856,42.94779],[9.349541,42.947916],[9.349496,42.947931],[9.349336,42.947986],[9.349126,42.948063],[9.348617,42.948289],[9.347975,42.948629],[9.347523,42.948913],[9.347462,42.948958],[9.34744,42.948977],[9.347358,42.949011],[9.346867,42.949256],[9.346253,42.94962],[9.345823,42.94992],[9.345463,42.950267],[9.345039,42.950755],[9.34476,42.95114],[9.344696,42.951249],[9.344511,42.951647],[9.344322,42.952188],[9.344223,42.952603],[9.344213,42.953023],[9.34426,42.953581],[9.344339,42.953998],[9.34436,42.954068],[9.344637,42.954656],[9.344801,42.954907],[9.344804,42.954916],[9.345035,42.955305],[9.345091,42.955382],[9.345143,42.955461],[9.345521,42.955914],[9.346101,42.956475],[9.346107,42.956481],[9.346081,42.956755],[9.346081,42.956989],[9.345908,42.957091],[9.345467,42.9574],[9.345101,42.957758],[9.344671,42.958262],[9.344391,42.95866],[9.344204,42.959086],[9.344021,42.959666],[9.343933,42.960109],[9.343934,42.960131],[9.343931,42.960133],[9.343803,42.960235],[9.343439,42.960576],[9.343007,42.961056],[9.342722,42.961436],[9.342616,42.961609],[9.342475,42.961835],[9.342432,42.961908],[9.342376,42.962005],[9.342335,42.962078],[9.342262,42.962216],[9.342167,42.96242],[9.342079,42.962637]]]}},{"type":"Feature","properties":{"etape":4,"nom":"Étape 4","depart":"Luri","arrivee":"Canari","parcours":"Luri → Canari","buffer_m":500},"geometry":{"type":"Polygon","coordinates":[[[9.326884,42.849499],[9.32687,42.849605],[9.326858,42.850031],[9.326872,42.850207],[9.326892,42.850375],[9.326929,42.850599],[9.326964,42.850766],[9.327009,42.850944],[9.327118,42.851264],[9.327298,42.851682],[9.327459,42.85199],[9.32759,42.852201],[9.327615,42.852241],[9.327649,42.852293],[9.327675,42.852333],[9.32792,42.852696],[9.328086,42.852915],[9.328325,42.853199],[9.328342,42.853218],[9.328401,42.853325],[9.328498,42.853489],[9.328576,42.85361],[9.328743,42.853857],[9.328791,42.853927],[9.328815,42.853959],[9.328818,42.85401],[9.328842,42.854171],[9.328948,42.854581],[9.329145,42.855117],[9.329335,42.855511],[9.329421,42.855653],[9.329647,42.855968],[9.329656,42.855979],[9.329678,42.856022],[9.329768,42.856183],[9.329918,42.856418],[9.330137,42.856723],[9.330316,42.856946],[9.330394,42.857033],[9.330482,42.857135],[9.330601,42.857265],[9.330766,42.857435],[9.330792,42.857461],[9.330861,42.857543],[9.330945,42.857639],[9.331096,42.857804],[9.331299,42.858006],[9.331481,42.858169],[9.331491,42.858179],[9.33178,42.858432],[9.331905,42.858529],[9.331931,42.858563],[9.331928,42.858565],[9.331937,42.858578],[9.332047,42.858736],[9.332112,42.858822],[9.332176,42.858944],[9.332249,42.859073],[9.33237,42.859272],[9.332523,42.859495],[9.332745,42.859785],[9.332925,42.859997],[9.332981,42.860055],[9.333049,42.860212],[9.33305,42.860215],[9.333217,42.860572],[9.333251,42.860631],[9.333338,42.861178],[9.333415,42.861431],[9.333568,42.861806],[9.333821,42.862292],[9.334047,42.862646],[9.33413,42.862755],[9.334574,42.863217],[9.335247,42.863781],[9.335812,42.864164],[9.336095,42.864319],[9.336454,42.864493],[9.336806,42.864642],[9.336982,42.864726],[9.337201,42.864823],[9.337262,42.864848],[9.337418,42.864943],[9.337567,42.865029],[9.337971,42.86525],[9.338046,42.86529],[9.338146,42.865342],[9.338222,42.86538],[9.338517,42.865525],[9.339074,42.86575],[9.339592,42.865919],[9.340047,42.86612],[9.340548,42.866305],[9.341082,42.866432],[9.3417,42.866541],[9.341933,42.866616],[9.342011,42.86665],[9.342328,42.866762],[9.342506,42.86686],[9.342761,42.866971],[9.34344,42.867202],[9.344377,42.867438],[9.344426,42.86745],[9.344548,42.867479],[9.344592,42.867489],[9.344623,42.867543],[9.344699,42.867649],[9.344794,42.867859],[9.345049,42.868275],[9.345052,42.868275],[9.345075,42.868319],[9.3451,42.868358],[9.345203,42.868526],[9.345246,42.868595],[9.345382,42.8688],[9.34562,42.869108],[9.345911,42.86939],[9.346352,42.869765],[9.346709,42.870028],[9.347112,42.870253],[9.347472,42.870427],[9.347337,42.870607],[9.3472,42.870753],[9.34692,42.871104],[9.346716,42.871481],[9.346492,42.872007],[9.346366,42.87241],[9.346324,42.872823],[9.346327,42.873374],[9.346372,42.873786],[9.346503,42.874189],[9.346732,42.874713],[9.346945,42.875096],[9.347022,42.875209],[9.347054,42.875256],[9.347098,42.875317],[9.347132,42.875363],[9.347306,42.875597],[9.347354,42.875667],[9.347409,42.875746],[9.347485,42.875851],[9.347544,42.875929],[9.347636,42.876046],[9.347915,42.876351],[9.348243,42.876661],[9.348431,42.87687],[9.348477,42.876914],[9.348666,42.877216],[9.348887,42.877501],[9.348889,42.877522],[9.348894,42.877562],[9.348893,42.877778],[9.348895,42.87779],[9.348884,42.877935],[9.348904,42.878406],[9.348921,42.87851],[9.348986,42.878786],[9.349067,42.879048],[9.349092,42.87916],[9.349157,42.879403],[9.349215,42.879585],[9.349258,42.879702],[9.349407,42.880013],[9.349418,42.880049],[9.349578,42.88047],[9.349724,42.88078],[9.349817,42.880944],[9.350053,42.881288],[9.350411,42.881729],[9.350711,42.882045],[9.350754,42.882084],[9.350834,42.882154],[9.350943,42.882246],[9.351026,42.882314],[9.351069,42.882348],[9.35109,42.882365],[9.351118,42.882386],[9.351139,42.882403],[9.351207,42.882455],[9.351383,42.88258],[9.351624,42.882742],[9.351769,42.882832],[9.352037,42.883009],[9.352529,42.883242],[9.353216,42.883512],[9.353752,42.883684],[9.354319,42.883791],[9.355086,42.883889],[9.355669,42.883929],[9.355894,42.883931],[9.356603,42.883886],[9.356894,42.883847],[9.357022,42.883836],[9.357208,42.883828],[9.357761,42.883771],[9.358485,42.883655],[9.359019,42.883538],[9.359523,42.883363],[9.35989,42.883209],[9.359926,42.8832],[9.35996,42.883192],[9.360142,42.883147],[9.360212,42.883127],[9.360394,42.88329],[9.360503,42.88337],[9.360662,42.8835],[9.360941,42.883706],[9.361009,42.883751],[9.361521,42.884034],[9.362242,42.884366],[9.362813,42.884579],[9.363426,42.884716],[9.364258,42.884846],[9.364893,42.884903],[9.365533,42.884877],[9.366375,42.884789],[9.36696,42.884689],[9.367016,42.884693],[9.367574,42.8847],[9.368314,42.884667],[9.368867,42.884611],[9.369012,42.884588],[9.369465,42.884494],[9.370056,42.884339],[9.370489,42.884203],[9.370612,42.884149],[9.370877,42.884327],[9.371303,42.884572],[9.371774,42.884769],[9.372424,42.884997],[9.372929,42.88514],[9.373458,42.885228],[9.37417,42.885306],[9.374534,42.885326],[9.374514,42.88544],[9.374443,42.885683],[9.37436,42.886293],[9.374363,42.886442],[9.374365,42.886505],[9.37437,42.886588],[9.374374,42.886651],[9.374387,42.88681],[9.374388,42.886857],[9.374408,42.887101],[9.374455,42.887426],[9.374505,42.887669],[9.374557,42.887861],[9.374611,42.888031],[9.374693,42.888255],[9.374761,42.888422],[9.374783,42.88847],[9.374785,42.88848],[9.374822,42.888627],[9.375031,42.889151],[9.375401,42.889821],[9.375748,42.890304],[9.375829,42.890393],[9.376012,42.890605],[9.376105,42.890706],[9.376227,42.891085],[9.376443,42.891472],[9.376784,42.89197],[9.377079,42.892328],[9.377446,42.892649],[9.377811,42.892922],[9.377922,42.893444],[9.3781,42.89395],[9.378158,42.894067],[9.378297,42.89431],[9.378304,42.894322],[9.378315,42.894396],[9.378327,42.894483],[9.378357,42.894713],[9.378385,42.894872],[9.37843,42.895084],[9.378471,42.895242],[9.378545,42.89549],[9.378715,42.895901],[9.378969,42.896376],[9.379,42.896567],[9.378999,42.89659],[9.379036,42.897099],[9.379089,42.897415],[9.379058,42.897499],[9.378994,42.897927],[9.378971,42.898498],[9.379,42.898928],[9.379122,42.899349],[9.379344,42.899897],[9.379555,42.900298],[9.379595,42.900359],[9.379885,42.900725],[9.380321,42.901188],[9.380685,42.901516],[9.381115,42.901798],[9.381724,42.902138],[9.382208,42.902367],[9.382735,42.902538],[9.383458,42.902724],[9.384015,42.902831],[9.384587,42.902874],[9.385353,42.902886],[9.385928,42.902862],[9.38649,42.902773],[9.386933,42.902675],[9.387115,42.90265],[9.387807,42.902518],[9.388315,42.902391],[9.388793,42.902211],[9.389403,42.901938],[9.389841,42.901708],[9.390227,42.901434],[9.390704,42.901043],[9.391032,42.90073],[9.391295,42.900386],[9.391597,42.89991],[9.391789,42.899541],[9.391905,42.899155],[9.392007,42.898636],[9.392046,42.898242],[9.392005,42.897848],[9.391899,42.897328],[9.391781,42.896943],[9.391738,42.896839],[9.391728,42.896819],[9.391713,42.896704],[9.39157,42.896292],[9.391323,42.89576],[9.391315,42.895353],[9.391226,42.894718],[9.391101,42.894246],[9.391055,42.894129],[9.391013,42.89403],[9.390954,42.893899],[9.390907,42.893801],[9.390801,42.893593],[9.390659,42.893291],[9.390547,42.893098],[9.390548,42.893087],[9.390518,42.892606],[9.390462,42.892246],[9.390341,42.891895],[9.390143,42.891447],[9.390158,42.891321],[9.390173,42.891104],[9.390177,42.890816],[9.390168,42.890599],[9.390146,42.89037],[9.39007,42.889984],[9.38992,42.889478],[9.389769,42.889104],[9.389681,42.888932],[9.389433,42.888543],[9.389048,42.888048],[9.388719,42.887693],[9.388317,42.887382],[9.387741,42.887],[9.387278,42.886739],[9.387034,42.886623],[9.386966,42.886522],[9.386967,42.886521],[9.386917,42.886445],[9.386893,42.886414],[9.386878,42.886392],[9.38685,42.886358],[9.386808,42.886303],[9.386881,42.886049],[9.386948,42.88572],[9.387,42.885278],[9.387011,42.884946],[9.386995,42.88463],[9.386993,42.884599],[9.386991,42.884558],[9.386988,42.884528],[9.386973,42.884344],[9.386932,42.884069],[9.386851,42.883706],[9.386771,42.883436],[9.386667,42.883154],[9.386599,42.882994],[9.386779,42.882439],[9.38687,42.882004],[9.386863,42.881563],[9.386789,42.88098],[9.386685,42.880547],[9.386486,42.880131],[9.386162,42.879597],[9.385874,42.87921],[9.385504,42.878864],[9.385239,42.878653],[9.385132,42.878527],[9.385106,42.8785],[9.385003,42.878381],[9.384841,42.878208],[9.384614,42.877984],[9.384435,42.877821],[9.384253,42.877668],[9.38406,42.877518],[9.383793,42.877325],[9.383584,42.877186],[9.383461,42.87711],[9.383419,42.877079],[9.383001,42.87681],[9.38241,42.876484],[9.381941,42.876265],[9.381489,42.876087],[9.380975,42.875863],[9.380514,42.875693],[9.380024,42.875572],[9.379359,42.875446],[9.378851,42.875377],[9.378846,42.875377],[9.378307,42.875272],[9.377712,42.875194],[9.377108,42.875189],[9.376307,42.875232],[9.37571,42.8753],[9.375136,42.875439],[9.375025,42.875474],[9.374701,42.875383],[9.37442,42.875314],[9.374041,42.875232],[9.373754,42.87518],[9.373397,42.875126],[9.372981,42.875081],[9.372704,42.875063],[9.37248,42.875029],[9.372412,42.875019],[9.37232,42.875007],[9.372252,42.874998],[9.37164,42.874923],[9.371595,42.874918],[9.371536,42.874911],[9.371491,42.874906],[9.371097,42.874865],[9.370813,42.874844],[9.370434,42.874826],[9.370148,42.874821],[9.36988,42.874824],[9.369361,42.874857],[9.368677,42.874937],[9.36817,42.875024],[9.367822,42.875103],[9.367489,42.875192],[9.367244,42.875267],[9.367064,42.875172],[9.36689,42.875096],[9.366188,42.874859],[9.365217,42.874619],[9.365112,42.874601],[9.364654,42.874471],[9.364287,42.874383],[9.36405,42.874336],[9.363787,42.874291],[9.363434,42.874241],[9.363167,42.874211],[9.362876,42.874186],[9.362595,42.87417],[9.36222,42.874159],[9.362139,42.874159],[9.362136,42.874159],[9.362093,42.874152],[9.362035,42.874144],[9.361991,42.874138],[9.361552,42.87408],[9.361306,42.874054],[9.360977,42.874028],[9.360854,42.874021],[9.360772,42.873882],[9.360464,42.87353],[9.360307,42.873378],[9.360412,42.873238],[9.360736,42.872703],[9.360935,42.87262],[9.361491,42.872353],[9.361888,42.872132],[9.362242,42.871873],[9.362679,42.871506],[9.362981,42.871214],[9.363077,42.871107],[9.36335,42.870746],[9.363661,42.870245],[9.363856,42.869857],[9.363967,42.869451],[9.364059,42.868905],[9.364085,42.868492],[9.364024,42.868081],[9.363887,42.86754],[9.363742,42.86714],[9.363645,42.866937],[9.363467,42.866628],[9.363196,42.866228],[9.362967,42.865938],[9.362816,42.865771],[9.362314,42.865327],[9.361565,42.864794],[9.360946,42.864439],[9.360619,42.86429],[9.360157,42.864111],[9.359521,42.863907],[9.35903,42.863779],[9.358693,42.863729],[9.358659,42.863712],[9.358486,42.86363],[9.358251,42.863525],[9.358071,42.863451],[9.357683,42.8633],[9.357384,42.863196],[9.357033,42.863088],[9.357029,42.86301],[9.356917,42.862596],[9.35671,42.862055],[9.356512,42.861659],[9.356476,42.861601],[9.356283,42.861149],[9.355979,42.860723],[9.355509,42.860187],[9.355108,42.859808],[9.355056,42.859767],[9.35464,42.859486],[9.354049,42.859144],[9.353579,42.858914],[9.353067,42.858739],[9.352363,42.858545],[9.35182,42.85843],[9.35126,42.858378],[9.350909,42.858365],[9.350752,42.858342],[9.350257,42.858318],[9.349555,42.858319],[9.349028,42.858348],[9.348698,42.858402],[9.348661,42.858397],[9.347627,42.858345],[9.346957,42.858364],[9.34689,42.858335],[9.34668,42.858248],[9.346395,42.858139],[9.346177,42.858063],[9.346146,42.858053],[9.345895,42.857958],[9.34542,42.857836],[9.344946,42.85774],[9.344773,42.857469],[9.34462,42.857276],[9.344589,42.857184],[9.344493,42.856952],[9.344382,42.856721],[9.344131,42.856311],[9.343982,42.856114],[9.343893,42.855966],[9.34351,42.85545],[9.343373,42.855297],[9.343284,42.855143],[9.343107,42.854625],[9.342916,42.854214],[9.342866,42.854129],[9.342608,42.853768],[9.342216,42.853308],[9.341886,42.852979],[9.341493,42.852691],[9.341205,42.852509],[9.341207,42.852331],[9.341194,42.852225],[9.341085,42.851773],[9.340872,42.851183],[9.340661,42.850752],[9.340353,42.850352],[9.339884,42.849849],[9.339666,42.849653],[9.339729,42.849504],[9.339884,42.849028],[9.339967,42.848665],[9.339982,42.848297],[9.339957,42.847808],[9.339904,42.847443],[9.33987,42.847301],[9.3397,42.846837],[9.3394,42.846238],[9.339121,42.845804],[9.338955,42.845596],[9.338559,42.845191],[9.337967,42.844691],[9.337885,42.844633],[9.337816,42.844537],[9.337742,42.844438],[9.337639,42.844307],[9.337559,42.84421],[9.337328,42.843943],[9.337262,42.843869],[9.337171,42.843772],[9.337101,42.843699],[9.336813,42.84341],[9.336782,42.84338],[9.336741,42.843339],[9.33671,42.843309],[9.336355,42.842973],[9.336298,42.842921],[9.336221,42.842852],[9.336162,42.8428],[9.336024,42.842682],[9.335705,42.842441],[9.335254,42.842141],[9.334896,42.841931],[9.334506,42.841756],[9.333969,42.841547],[9.333552,42.841409],[9.333203,42.841312],[9.333174,42.841304],[9.333136,42.841294],[9.333107,42.841286],[9.33255,42.841139],[9.332284,42.841077],[9.331927,42.841005],[9.331656,42.840958],[9.331391,42.84092],[9.330738,42.84087],[9.329867,42.840862],[9.329212,42.840899],[9.328577,42.841021],[9.327757,42.841238],[9.327162,42.841441],[9.326626,42.84172],[9.325962,42.842134],[9.325501,42.842479],[9.325185,42.842762],[9.324856,42.843109],[9.324469,42.843594],[9.324218,42.843975],[9.32405,42.84438],[9.323886,42.844929],[9.323807,42.845349],[9.323818,42.845772],[9.323892,42.846332],[9.323993,42.846749],[9.324181,42.847149],[9.324487,42.847664],[9.324758,42.848038],[9.325105,42.848375],[9.325612,42.848796],[9.326027,42.84909],[9.326499,42.849332],[9.326884,42.849499]]]}},{"type":"Feature","properties":{"etape":5,"nom":"Étape 5","depart":"Canari","arrivee":"Sisco","parcours":"Canari → Sisco","buffer_m":500},"geometry":{"type":"Polygon","coordinates":[[[9.320897,42.835257],[9.320891,42.835275],[9.320801,42.835675],[9.320793,42.836081],[9.320839,42.836618],[9.320914,42.83702],[9.32107,42.837408],[9.321329,42.837912],[9.321563,42.838279],[9.321638,42.838377],[9.321656,42.8384],[9.32168,42.838431],[9.321698,42.838454],[9.321847,42.83864],[9.322162,42.838973],[9.322624,42.839391],[9.323002,42.839685],[9.32319,42.839793],[9.323209,42.839834],[9.323183,42.839939],[9.32314,42.840146],[9.323099,42.840465],[9.32308,42.840891],[9.323092,42.841211],[9.323108,42.841348],[9.323152,42.841593],[9.323231,42.841918],[9.323305,42.842159],[9.323347,42.842271],[9.323466,42.842534],[9.323649,42.842879],[9.323804,42.843132],[9.323883,42.843245],[9.324213,42.843632],[9.324329,42.843745],[9.324274,42.843835],[9.324017,42.844365],[9.323866,42.844773],[9.323805,42.845194],[9.323782,42.845757],[9.323811,42.846179],[9.323929,42.846594],[9.324144,42.847134],[9.324349,42.847529],[9.324635,42.847896],[9.325066,42.848361],[9.325427,42.848691],[9.325853,42.848975],[9.326459,42.849319],[9.32694,42.84955],[9.327465,42.849724],[9.328186,42.849913],[9.328741,42.850024],[9.329313,42.850069],[9.330077,42.850085],[9.330652,42.850064],[9.331215,42.849977],[9.331949,42.849819],[9.332486,42.849668],[9.332985,42.849458],[9.333617,42.84914],[9.333935,42.848952],[9.334146,42.848844],[9.334314,42.848742],[9.334722,42.848559],[9.335069,42.848405],[9.335076,42.848401],[9.335359,42.848275],[9.335822,42.84803],[9.336402,42.84767],[9.336807,42.847376],[9.337146,42.847038],[9.337548,42.846565],[9.337811,42.846193],[9.33791,42.846022],[9.337977,42.845899],[9.33806,42.845733],[9.338118,42.845607],[9.338226,42.845354],[9.338289,42.845188],[9.338364,42.844964],[9.338413,42.844795],[9.338464,42.84458],[9.338502,42.844382],[9.338539,42.844118],[9.338557,42.843919],[9.338561,42.843815],[9.338538,42.84343],[9.338458,42.842922],[9.338361,42.842543],[9.338192,42.842179],[9.337921,42.841707],[9.337683,42.841364],[9.337382,42.84105],[9.336941,42.840653],[9.336688,42.840456],[9.33666,42.840422],[9.336333,42.840062],[9.336066,42.839804],[9.33599,42.83974],[9.335967,42.839268],[9.335887,42.838797],[9.335696,42.838343],[9.335639,42.838242],[9.335563,42.837969],[9.335362,42.837488],[9.335255,42.837297],[9.335112,42.837072],[9.334903,42.836778],[9.334753,42.83659],[9.334703,42.836488],[9.334472,42.836093],[9.334459,42.83607],[9.334457,42.836067],[9.334545,42.835856],[9.334604,42.835667],[9.334618,42.835638],[9.334655,42.83558],[9.334725,42.835465],[9.334812,42.83531],[9.334874,42.835193],[9.334911,42.835118],[9.334933,42.835062],[9.334947,42.835052],[9.335179,42.834894],[9.33568,42.834474],[9.335716,42.834436],[9.335832,42.834496],[9.335997,42.834578],[9.336122,42.834638],[9.33638,42.834755],[9.337031,42.834988],[9.337931,42.835233],[9.338014,42.835249],[9.338121,42.835278],[9.338221,42.835304],[9.338354,42.835336],[9.338455,42.83536],[9.338596,42.835391],[9.338697,42.835419],[9.339046,42.835498],[9.339552,42.835741],[9.340133,42.835968],[9.34032,42.836026],[9.341107,42.836197],[9.342179,42.836336],[9.342999,42.836373],[9.343161,42.836367],[9.343703,42.836317],[9.344415,42.836211],[9.34494,42.836103],[9.345438,42.835938],[9.346076,42.835683],[9.346343,42.835556],[9.34673,42.835451],[9.347267,42.835274],[9.347808,42.835151],[9.347972,42.835102],[9.348019,42.835092],[9.348517,42.834961],[9.348983,42.834778],[9.349054,42.834745],[9.34928,42.834773],[9.3498,42.834865],[9.350271,42.834885],[9.350431,42.834901],[9.350923,42.834925],[9.351039,42.834925],[9.351618,42.834886],[9.352082,42.834901],[9.352743,42.83489],[9.353238,42.834857],[9.353722,42.834775],[9.354354,42.834634],[9.354819,42.834504],[9.354982,42.834449],[9.35554,42.834215],[9.356241,42.833858],[9.356735,42.833556],[9.35715,42.833195],[9.357642,42.832682],[9.357965,42.832274],[9.358186,42.83183],[9.358408,42.831224],[9.358521,42.830759],[9.358521,42.830286],[9.358447,42.829661],[9.358335,42.829195],[9.358285,42.829058],[9.358253,42.82898],[9.358216,42.82885],[9.358077,42.828521],[9.358074,42.82836],[9.358058,42.828218],[9.358027,42.828025],[9.357973,42.827769],[9.357922,42.827578],[9.357868,42.827406],[9.357719,42.827047],[9.357477,42.826581],[9.357262,42.826241],[9.35715,42.826092],[9.356818,42.825725],[9.356803,42.825712],[9.356516,42.825206],[9.356399,42.825046],[9.356379,42.824916],[9.356288,42.824628],[9.356287,42.824606],[9.356173,42.824191],[9.356147,42.824124],[9.356137,42.824098],[9.356122,42.824062],[9.356112,42.824036],[9.356066,42.823926],[9.356059,42.823909],[9.356049,42.823887],[9.356042,42.823871],[9.355993,42.823759],[9.355792,42.823394],[9.355561,42.823048],[9.355454,42.822838],[9.355418,42.822774],[9.355411,42.822761],[9.355399,42.822731],[9.35537,42.822598],[9.355272,42.822285],[9.355359,42.822192],[9.355703,42.821769],[9.355932,42.821438],[9.356,42.82132],[9.356052,42.821223],[9.35612,42.821092],[9.356167,42.820994],[9.356234,42.820847],[9.35638,42.820411],[9.356506,42.819821],[9.35653,42.819583],[9.35672,42.819529],[9.35693,42.819452],[9.357372,42.819261],[9.357934,42.818976],[9.358335,42.818741],[9.35854,42.818582],[9.35875,42.818457],[9.359118,42.818206],[9.359436,42.81792],[9.359645,42.817702],[9.359755,42.817659],[9.360267,42.817418],[9.360418,42.817333],[9.360529,42.817253],[9.361224,42.817034],[9.361357,42.816981],[9.36152,42.817003],[9.361917,42.817043],[9.362216,42.817065],[9.36241,42.817073],[9.36249,42.817076],[9.362597,42.817078],[9.362677,42.81708],[9.362898,42.817082],[9.363428,42.817058],[9.364128,42.816989],[9.364648,42.81691],[9.364823,42.816862],[9.364869,42.816861],[9.365621,42.816791],[9.36618,42.816706],[9.366714,42.816558],[9.367402,42.816321],[9.367898,42.816114],[9.368196,42.815966],[9.368699,42.815666],[9.368815,42.815583],[9.368887,42.815547],[9.369326,42.815294],[9.369708,42.814993],[9.369791,42.814917],[9.370017,42.814912],[9.37021,42.814904],[9.370467,42.814888],[9.37066,42.814872],[9.371075,42.81483],[9.371523,42.814763],[9.372111,42.814648],[9.372545,42.81454],[9.372832,42.814454],[9.373264,42.8143],[9.373359,42.81426],[9.373949,42.814246],[9.37482,42.814166],[9.375465,42.814063],[9.375634,42.814024],[9.376173,42.813864],[9.376864,42.813611],[9.377362,42.81339],[9.377806,42.813114],[9.377868,42.813069],[9.378278,42.812962],[9.378343,42.812941],[9.378887,42.812947],[9.378904,42.812946],[9.379135,42.813307],[9.379342,42.813586],[9.379535,42.813815],[9.379565,42.813848],[9.379568,42.813855],[9.379772,42.81419],[9.380037,42.814501],[9.380432,42.814903],[9.380756,42.815189],[9.380962,42.815347],[9.381176,42.815499],[9.381472,42.815691],[9.381701,42.815829],[9.381976,42.815981],[9.382206,42.816099],[9.38252,42.816246],[9.382761,42.81635],[9.383035,42.816458],[9.38334,42.816565],[9.383755,42.816694],[9.384072,42.81678],[9.384229,42.816816],[9.384263,42.816839],[9.384684,42.817078],[9.385048,42.817227],[9.385615,42.817606],[9.38609,42.817874],[9.386618,42.818081],[9.387347,42.818314],[9.387914,42.818456],[9.388109,42.818492],[9.388658,42.818556],[9.388773,42.818588],[9.388929,42.818622],[9.389385,42.818698],[9.389999,42.818771],[9.390464,42.818805],[9.390931,42.818794],[9.39155,42.81875],[9.392011,42.818696],[9.392241,42.818658],[9.392609,42.818707],[9.39312,42.818746],[9.39312,42.818746],[9.393174,42.818752],[9.393582,42.818839],[9.39398,42.818905],[9.394015,42.81891],[9.394176,42.819089],[9.394463,42.819338],[9.394801,42.819598],[9.394864,42.81965],[9.395121,42.819869],[9.39556,42.820186],[9.396064,42.820444],[9.396876,42.820789],[9.397213,42.820902],[9.397228,42.820909],[9.397882,42.821239],[9.398052,42.821309],[9.398159,42.821371],[9.398582,42.821581],[9.39904,42.821745],[9.399441,42.821864],[9.39948,42.82189],[9.399477,42.821892],[9.399516,42.821917],[9.399569,42.82195],[9.39964,42.821993],[9.399693,42.822025],[9.399859,42.822123],[9.399948,42.822174],[9.400068,42.822241],[9.400159,42.82229],[9.40034,42.822384],[9.400561,42.82249],[9.400863,42.822624],[9.401093,42.822718],[9.401248,42.822776],[9.401695,42.822916],[9.402304,42.823074],[9.402676,42.82315],[9.402776,42.823175],[9.403062,42.823229],[9.403272,42.823334],[9.403368,42.823375],[9.404007,42.82359],[9.404889,42.823815],[9.405572,42.823937],[9.405696,42.82395],[9.406312,42.823976],[9.407131,42.82396],[9.407744,42.823909],[9.40784,42.823895],[9.408501,42.82375],[9.409349,42.823498],[9.409961,42.823264],[9.410166,42.823146],[9.410412,42.823035],[9.410876,42.822736],[9.411026,42.822622],[9.411313,42.822635],[9.411848,42.8226],[9.412552,42.822515],[9.413073,42.822424],[9.413571,42.822277],[9.414023,42.822115],[9.414146,42.822079],[9.414317,42.822002],[9.414675,42.821848],[9.414752,42.821803],[9.414846,42.82176],[9.415409,42.821464],[9.415415,42.821461],[9.415427,42.82146],[9.415571,42.821449],[9.41621,42.821358],[9.41704,42.821181],[9.417646,42.821008],[9.418201,42.820759],[9.418546,42.820571],[9.418543,42.820568],[9.418641,42.820523],[9.418801,42.820432],[9.418896,42.820381],[9.418926,42.820363],[9.419239,42.820201],[9.419649,42.819963],[9.419944,42.819772],[9.420173,42.819607],[9.420402,42.819419],[9.420896,42.81922],[9.421518,42.818915],[9.42173,42.818876],[9.422006,42.818808],[9.422285,42.818937],[9.422774,42.819127],[9.423295,42.819261],[9.424005,42.8194],[9.424548,42.819474],[9.4251,42.819488],[9.425834,42.819465],[9.426383,42.819418],[9.426915,42.81931],[9.427116,42.819257],[9.427297,42.819222],[9.427596,42.819145],[9.427679,42.819123],[9.42779,42.819092],[9.427872,42.819068],[9.427948,42.819045],[9.427947,42.819043],[9.428131,42.818994],[9.428854,42.81875],[9.429377,42.818533],[9.429844,42.818257],[9.429862,42.818245],[9.430202,42.818119],[9.430642,42.817891],[9.431196,42.817556],[9.431337,42.817458],[9.43142,42.817426],[9.432029,42.817149],[9.432464,42.816916],[9.432849,42.816638],[9.433322,42.816243],[9.433647,42.815927],[9.433906,42.815579],[9.434203,42.8151],[9.43439,42.814728],[9.4345,42.814341],[9.434596,42.813818],[9.434628,42.813423],[9.434626,42.813311],[9.434567,42.81287],[9.434866,42.812637],[9.43549,42.812034],[9.435893,42.811545],[9.435988,42.811396],[9.436126,42.811149],[9.436287,42.810814],[9.43639,42.810557],[9.436424,42.810455],[9.436517,42.810038],[9.436581,42.809477],[9.436584,42.809054],[9.436497,42.808635],[9.436322,42.808088],[9.436147,42.807684],[9.435889,42.807306],[9.435493,42.806825],[9.435157,42.806481],[9.434753,42.806181],[9.434174,42.805813],[9.433711,42.805562],[9.4332,42.805368],[9.432495,42.80515],[9.431949,42.805018],[9.431382,42.804949],[9.430621,42.804902],[9.430046,42.8049],[9.429477,42.804964],[9.428734,42.805093],[9.428186,42.805222],[9.427672,42.805412],[9.427019,42.805703],[9.426701,42.805871],[9.426684,42.805874],[9.426171,42.805974],[9.425633,42.80611],[9.425477,42.806147],[9.425399,42.806167],[9.425296,42.806193],[9.425219,42.806214],[9.424868,42.806311],[9.424465,42.806443],[9.423943,42.806643],[9.423564,42.806811],[9.423215,42.80701],[9.422773,42.807296],[9.422459,42.807526],[9.422305,42.807653],[9.422,42.807941],[9.421631,42.808344],[9.421382,42.80866],[9.421194,42.808998],[9.4211,42.809203],[9.421084,42.809204],[9.420899,42.809218],[9.42076,42.80923],[9.420513,42.809255],[9.420404,42.809267],[9.420259,42.809285],[9.42015,42.8093],[9.41983,42.809347],[9.41956,42.809395],[9.419203,42.809468],[9.418938,42.809531],[9.418684,42.809599],[9.417926,42.809879],[9.417285,42.810188],[9.417202,42.810225],[9.416907,42.810368],[9.416691,42.81048],[9.416631,42.810514],[9.416524,42.81054],[9.416042,42.810689],[9.415716,42.810832],[9.415573,42.810854],[9.414802,42.811023],[9.414237,42.811184],[9.413716,42.811413],[9.413061,42.811757],[9.412598,42.812045],[9.412206,42.812385],[9.412127,42.812467],[9.411942,42.812621],[9.411856,42.81262],[9.411692,42.812627],[9.411398,42.812649],[9.411169,42.812653],[9.410581,42.812734],[9.409813,42.81289],[9.40925,42.813041],[9.408907,42.813184],[9.40873,42.813199],[9.408231,42.813265],[9.407673,42.81337],[9.407452,42.813372],[9.407361,42.813377],[9.406979,42.813413],[9.406474,42.813481],[9.406099,42.813546],[9.405997,42.813568],[9.405434,42.813728],[9.405398,42.813741],[9.405185,42.813673],[9.404985,42.813615],[9.404852,42.813579],[9.40485,42.813584],[9.404337,42.81345],[9.404171,42.81342],[9.404113,42.813314],[9.40373,42.81288],[9.403148,42.812343],[9.40266,42.811971],[9.402515,42.81188],[9.40251,42.811878],[9.402388,42.811788],[9.40188,42.811462],[9.401476,42.811236],[9.401191,42.811099],[9.400741,42.810915],[9.400605,42.810868],[9.400482,42.810814],[9.400015,42.81064],[9.399996,42.810635],[9.399774,42.810558],[9.399776,42.810555],[9.399515,42.81045],[9.398822,42.810235],[9.398644,42.810195],[9.397893,42.810088],[9.397436,42.810058],[9.397268,42.810035],[9.397154,42.810025],[9.397085,42.810014],[9.39651,42.809951],[9.395929,42.809955],[9.395921,42.809956],[9.39592,42.809956],[9.395789,42.80992],[9.395671,42.809901],[9.395396,42.809794],[9.394678,42.809567],[9.394121,42.809428],[9.393665,42.809344],[9.39323,42.809285],[9.392645,42.809231],[9.392202,42.80921],[9.39176,42.809229],[9.391175,42.80928],[9.391027,42.809299],[9.39083,42.809211],[9.390712,42.809145],[9.390494,42.809047],[9.390104,42.808871],[9.389939,42.808807],[9.389896,42.808726],[9.389807,42.808601],[9.389497,42.808239],[9.389199,42.807946],[9.389123,42.807842],[9.388946,42.807626],[9.388691,42.807345],[9.388487,42.807142],[9.388195,42.806878],[9.38815,42.806838],[9.388089,42.806785],[9.388043,42.806746],[9.387983,42.806696],[9.387958,42.806671],[9.387833,42.806555],[9.387502,42.806142],[9.387142,42.805769],[9.386858,42.805522],[9.3864,42.805188],[9.385824,42.804836],[9.385821,42.804839],[9.385649,42.804728],[9.38506,42.804401],[9.384593,42.804181],[9.384086,42.804015],[9.383392,42.803833],[9.382857,42.803726],[9.382306,42.803679],[9.38157,42.803657],[9.381429,42.803661],[9.380964,42.803469],[9.380462,42.803297],[9.37993,42.803183],[9.37921,42.803071],[9.378661,42.803017],[9.378107,42.803025],[9.377374,42.803076],[9.377267,42.80309],[9.376831,42.803089],[9.376293,42.803118],[9.375766,42.803205],[9.375079,42.803359],[9.374575,42.803502],[9.374105,42.803698],[9.373508,42.803992],[9.373289,42.804118],[9.373204,42.804156],[9.372846,42.804391],[9.372489,42.804455],[9.371933,42.804589],[9.371768,42.80464],[9.371255,42.804835],[9.370765,42.805059],[9.37062,42.805077],[9.370003,42.805241],[9.369214,42.805513],[9.368891,42.805652],[9.368712,42.805632],[9.368613,42.805628],[9.368613,42.805631],[9.368394,42.805614],[9.367698,42.805607],[9.367698,42.80561],[9.367405,42.805604],[9.366699,42.805627],[9.366172,42.805673],[9.365659,42.805774],[9.365377,42.805846],[9.365311,42.805858],[9.364574,42.806043],[9.364036,42.806214],[9.36389,42.806271],[9.363251,42.806588],[9.362468,42.807071],[9.361933,42.80748],[9.361842,42.807566],[9.361787,42.807627],[9.361178,42.807588],[9.360294,42.807591],[9.359631,42.807638],[9.35899,42.807773],[9.358165,42.808007],[9.357568,42.808225],[9.357369,42.808315],[9.357092,42.808456],[9.357045,42.808471],[9.356657,42.808613],[9.356368,42.808752],[9.356273,42.808769],[9.355674,42.80892],[9.354904,42.80917],[9.354349,42.809395],[9.354339,42.809399],[9.354249,42.809432],[9.354038,42.809515],[9.353633,42.809701],[9.353463,42.80974],[9.352945,42.809929],[9.352285,42.81022],[9.351814,42.810467],[9.351626,42.810583],[9.351212,42.810883],[9.351053,42.811017],[9.350939,42.811095],[9.350878,42.811142],[9.350661,42.811175],[9.350021,42.81132],[9.349428,42.811547],[9.34868,42.811901],[9.348153,42.812205],[9.347984,42.812322],[9.347914,42.812375],[9.347891,42.812385],[9.347422,42.81262],[9.347249,42.812722],[9.347142,42.812787],[9.347108,42.812809],[9.346918,42.812855],[9.346316,42.813037],[9.345877,42.813195],[9.34547,42.813395],[9.344954,42.813688],[9.344587,42.813926],[9.344393,42.81407],[9.344042,42.814373],[9.343616,42.814799],[9.343328,42.815137],[9.343112,42.815502],[9.342992,42.815752],[9.342815,42.815838],[9.342479,42.816017],[9.342234,42.816159],[9.342117,42.816233],[9.341698,42.816545],[9.341189,42.816992],[9.340844,42.81735],[9.340582,42.817744],[9.340294,42.818288],[9.340123,42.818708],[9.340047,42.819144],[9.34001,42.819726],[9.340031,42.820165],[9.340048,42.820272],[9.340142,42.820642],[9.340315,42.821126],[9.340478,42.821483],[9.340708,42.821819],[9.341054,42.822249],[9.341345,42.822559],[9.341445,42.822651],[9.341507,42.822699],[9.34151,42.822707],[9.341656,42.823051],[9.341864,42.823378],[9.341917,42.82345],[9.342074,42.823785],[9.342348,42.824162],[9.342538,42.824381],[9.342557,42.824417],[9.342834,42.824846],[9.342989,42.825006],[9.343348,42.825441],[9.343722,42.825818],[9.343988,42.826006],[9.344005,42.826062],[9.344113,42.826296],[9.34391,42.826357],[9.343472,42.826515],[9.343066,42.826714],[9.343018,42.826741],[9.342836,42.826783],[9.342829,42.826785],[9.34233,42.826732],[9.342284,42.82673],[9.342095,42.826522],[9.341617,42.826098],[9.341473,42.825994],[9.341325,42.825893],[9.341233,42.825833],[9.341163,42.825776],[9.340822,42.825533],[9.340342,42.825233],[9.339962,42.825025],[9.33967,42.824886],[9.339468,42.824779],[9.338895,42.824538],[9.338877,42.824527],[9.338509,42.824339],[9.338113,42.824184],[9.337926,42.824122],[9.337899,42.82411],[9.337591,42.823995],[9.337586,42.823994],[9.337144,42.823812],[9.336663,42.823676],[9.336644,42.823671],[9.336502,42.823626],[9.335957,42.823489],[9.335216,42.823348],[9.334649,42.823275],[9.334074,42.823268],[9.33331,42.823304],[9.33274,42.823363],[9.33219,42.823488],[9.331479,42.823695],[9.330962,42.823881],[9.3309,42.823908],[9.330458,42.824135],[9.330392,42.824174],[9.330199,42.824228],[9.329636,42.824428],[9.329128,42.824695],[9.328496,42.825092],[9.328057,42.825418],[9.328014,42.825456],[9.327726,42.825748],[9.32738,42.826154],[9.327147,42.826472],[9.327082,42.826577],[9.327035,42.826647],[9.326903,42.826887],[9.326854,42.826946],[9.326666,42.827216],[9.326498,42.827439],[9.326449,42.827518],[9.32637,42.827686],[9.32626,42.827882],[9.326232,42.827947],[9.32616,42.828156],[9.326134,42.828205],[9.326066,42.828338],[9.326018,42.828439],[9.325915,42.828671],[9.32588,42.82869],[9.325367,42.829011],[9.325005,42.829272],[9.324907,42.829353],[9.324702,42.829538],[9.324444,42.829794],[9.324262,42.829992],[9.324157,42.830118],[9.324145,42.830133],[9.324128,42.830153],[9.324116,42.830168],[9.324048,42.830252],[9.323844,42.830543],[9.323604,42.830942],[9.323449,42.83125],[9.323384,42.831408],[9.323368,42.831449],[9.323347,42.831503],[9.323332,42.831544],[9.323236,42.831807],[9.323221,42.831854],[9.323195,42.831874],[9.322898,42.832191],[9.322542,42.832638],[9.322399,42.83285],[9.322079,42.833121],[9.321714,42.83349],[9.321438,42.833899],[9.321135,42.834463],[9.320956,42.8349],[9.320897,42.835257]]]}},{"type":"Feature","properties":{"etape":6,"nom":"Étape 6","depart":"Sisco","arrivee":"Olmeta","parcours":"Sisco → Olmeta","buffer_m":500},"geometry":{"type":"Polygon","coordinates":[[[9.367061,42.77238],[9.367076,42.772404],[9.367109,42.772478],[9.367181,42.772626],[9.367238,42.772736],[9.367251,42.772759],[9.367187,42.772872],[9.367076,42.773093],[9.366981,42.773312],[9.366843,42.773757],[9.366746,42.774265],[9.366706,42.774403],[9.366627,42.774933],[9.366616,42.775676],[9.366686,42.776233],[9.366747,42.776458],[9.366828,42.776698],[9.366955,42.777013],[9.367064,42.777246],[9.367186,42.777471],[9.367412,42.777814],[9.367755,42.778253],[9.368044,42.77857],[9.36839,42.778853],[9.368886,42.779205],[9.369283,42.779449],[9.369372,42.779496],[9.369457,42.779548],[9.369956,42.779804],[9.369978,42.779813],[9.370029,42.779901],[9.370048,42.779932],[9.370063,42.779957],[9.370131,42.780127],[9.370156,42.780185],[9.370158,42.780196],[9.370183,42.780324],[9.370221,42.780493],[9.370254,42.780619],[9.370319,42.78084],[9.370459,42.781196],[9.370689,42.781659],[9.370695,42.781669],[9.370696,42.781686],[9.370698,42.781712],[9.370756,42.782095],[9.370884,42.7826],[9.371017,42.782974],[9.371077,42.783079],[9.37121,42.783507],[9.37134,42.783829],[9.371468,42.784044],[9.371494,42.784118],[9.371675,42.784505],[9.371933,42.784868],[9.372325,42.78533],[9.372654,42.78566],[9.373048,42.78595],[9.37361,42.786304],[9.374059,42.786546],[9.374552,42.786736],[9.375232,42.78695],[9.375759,42.787082],[9.376306,42.787154],[9.377042,42.787208],[9.377373,42.787214],[9.377381,42.787215],[9.377586,42.787244],[9.37789,42.78728],[9.378437,42.787314],[9.379167,42.787319],[9.379714,42.787293],[9.38025,42.787206],[9.380949,42.787052],[9.381113,42.787006],[9.381414,42.787169],[9.381833,42.787357],[9.38199,42.78748],[9.382523,42.787839],[9.38295,42.788087],[9.383422,42.788285],[9.383761,42.788404],[9.384137,42.788562],[9.384699,42.788754],[9.385297,42.788874],[9.386106,42.788983],[9.386722,42.789027],[9.38706,42.789008],[9.387229,42.789023],[9.388001,42.789046],[9.388581,42.789029],[9.389151,42.788945],[9.389894,42.788789],[9.390439,42.788639],[9.390944,42.788428],[9.391584,42.788109],[9.391809,42.787976],[9.391947,42.787963],[9.39272,42.787839],[9.39289,42.787863],[9.39321,42.787892],[9.393727,42.787912],[9.394415,42.787902],[9.394931,42.787868],[9.395174,42.787839],[9.395692,42.787748],[9.396096,42.787654],[9.3961,42.787654],[9.396491,42.787634],[9.397009,42.787586],[9.397161,42.787566],[9.397325,42.787621],[9.397409,42.787644],[9.39741,42.787644],[9.398012,42.787787],[9.398831,42.787925],[9.399457,42.787989],[9.399683,42.787983],[9.399723,42.788],[9.400445,42.788257],[9.401008,42.788417],[9.401599,42.788506],[9.402395,42.788577],[9.402998,42.788593],[9.403597,42.788537],[9.404381,42.788414],[9.404706,42.788341],[9.404707,42.788344],[9.404869,42.788311],[9.4053,42.788198],[9.405861,42.788023],[9.40627,42.787872],[9.406494,42.787776],[9.406776,42.787623],[9.407065,42.78756],[9.407173,42.787555],[9.407737,42.787495],[9.408214,42.787387],[9.408393,42.787374],[9.4094,42.787222],[9.410138,42.787048],[9.410369,42.786973],[9.410827,42.786795],[9.411411,42.786527],[9.41183,42.786303],[9.412202,42.786038],[9.412662,42.785661],[9.412675,42.785649],[9.412675,42.785649],[9.41297,42.785885],[9.412932,42.786085],[9.412942,42.786515],[9.412945,42.786532],[9.412761,42.786891],[9.41265,42.787351],[9.412593,42.787498],[9.412584,42.787518],[9.412573,42.787548],[9.412555,42.787596],[9.412544,42.787632],[9.412445,42.787921],[9.412317,42.788465],[9.412264,42.788879],[9.412261,42.789008],[9.412308,42.78949],[9.412345,42.789653],[9.412288,42.78999],[9.412298,42.790173],[9.412298,42.790173],[9.412163,42.790546],[9.412089,42.790713],[9.411967,42.791065],[9.41196,42.79111],[9.411845,42.791219],[9.41171,42.791359],[9.411593,42.791474],[9.411558,42.79151],[9.411511,42.791558],[9.411477,42.791594],[9.411305,42.791776],[9.411277,42.791805],[9.411241,42.791844],[9.411214,42.791874],[9.411114,42.791986],[9.41084,42.792352],[9.410528,42.792858],[9.410421,42.793075],[9.41038,42.793141],[9.410343,42.793221],[9.410336,42.793233],[9.41033,42.793244],[9.410322,42.793258],[9.410316,42.793269],[9.410221,42.793442],[9.410014,42.793966],[9.409988,42.794071],[9.409917,42.794152],[9.409835,42.794252],[9.409729,42.794388],[9.409662,42.794479],[9.409607,42.794542],[9.409581,42.794572],[9.409561,42.794591],[9.409388,42.794764],[9.409263,42.794897],[9.409211,42.794957],[9.409148,42.795018],[9.408919,42.795269],[9.40864,42.795617],[9.40845,42.795886],[9.408364,42.796027],[9.408268,42.7962],[9.408151,42.796435],[9.408071,42.796613],[9.408022,42.796737],[9.407924,42.797055],[9.407829,42.797484],[9.407784,42.797809],[9.407793,42.798136],[9.40784,42.798569],[9.407902,42.798893],[9.40794,42.79903],[9.408107,42.799451],[9.408389,42.799996],[9.408646,42.800392],[9.408986,42.800752],[9.409491,42.801202],[9.409906,42.801516],[9.410385,42.801777],[9.411059,42.802085],[9.411589,42.802285],[9.411823,42.802356],[9.412049,42.802428],[9.412484,42.802545],[9.413076,42.802673],[9.413528,42.802748],[9.413727,42.802762],[9.414222,42.802853],[9.414475,42.802878],[9.414968,42.802902],[9.415626,42.802901],[9.416119,42.802876],[9.416135,42.802874],[9.416157,42.802874],[9.416204,42.802872],[9.416266,42.80287],[9.416312,42.802868],[9.416635,42.802853],[9.4171,42.802809],[9.417685,42.802726],[9.417783,42.802715],[9.418365,42.802629],[9.418795,42.802545],[9.419034,42.802487],[9.41929,42.802428],[9.419451,42.802387],[9.419663,42.80233],[9.419746,42.802306],[9.419884,42.802274],[9.420171,42.802202],[9.420384,42.802142],[9.420567,42.802086],[9.420747,42.802037],[9.420805,42.802021],[9.420882,42.801999],[9.420939,42.801982],[9.420997,42.801964],[9.421296,42.801888],[9.422029,42.801649],[9.422424,42.80149],[9.422468,42.801477],[9.423153,42.801232],[9.423647,42.801018],[9.424154,42.801018],[9.424625,42.800995],[9.425087,42.800928],[9.425094,42.800926],[9.425318,42.800966],[9.425479,42.800991],[9.425695,42.801021],[9.425857,42.801042],[9.426251,42.801084],[9.426499,42.801104],[9.426831,42.801122],[9.42708,42.80113],[9.42726,42.801131],[9.427475,42.801127],[9.427528,42.801125],[9.427517,42.80113],[9.427061,42.801377],[9.426662,42.801672],[9.426174,42.802093],[9.425842,42.80243],[9.425584,42.802801],[9.425293,42.803311],[9.425115,42.803707],[9.425062,42.803865],[9.424995,42.804117],[9.424933,42.804424],[9.424913,42.804442],[9.424662,42.804701],[9.424454,42.80498],[9.424207,42.805362],[9.424045,42.805657],[9.423996,42.805764],[9.423828,42.80632],[9.423711,42.807071],[9.423705,42.80764],[9.423727,42.807805],[9.423831,42.80823],[9.42403,42.808785],[9.424218,42.809178],[9.424224,42.809498],[9.424319,42.810145],[9.424449,42.810626],[9.424696,42.811081],[9.425097,42.811661],[9.425451,42.812076],[9.425902,42.812437],[9.426556,42.812874],[9.427088,42.813169],[9.427156,42.8132],[9.427485,42.813333],[9.427935,42.813494],[9.428281,42.813602],[9.428419,42.813639],[9.428973,42.813752],[9.429724,42.813859],[9.430295,42.813907],[9.430869,42.813889],[9.431628,42.81382],[9.432191,42.813736],[9.43273,42.813588],[9.433423,42.81335],[9.433923,42.813142],[9.434373,42.812878],[9.434932,42.812495],[9.43532,42.812182],[9.435638,42.811829],[9.436008,42.811337],[9.436247,42.810952],[9.436401,42.810544],[9.436546,42.809992],[9.436612,42.809571],[9.436587,42.809149],[9.436512,42.8087],[9.4365,42.808535],[9.436552,42.808514],[9.437387,42.808079],[9.437475,42.808022],[9.437675,42.807933],[9.438097,42.807721],[9.438403,42.80755],[9.438586,42.807436],[9.438689,42.807362],[9.438789,42.80734],[9.43935,42.807177],[9.439868,42.806948],[9.44052,42.806604],[9.44098,42.806316],[9.441072,42.806248],[9.441564,42.805796],[9.441598,42.805757],[9.441777,42.805689],[9.442231,42.805486],[9.442726,42.805225],[9.44283,42.805187],[9.442906,42.805162],[9.443356,42.805037],[9.44343,42.805016],[9.443528,42.804986],[9.443601,42.804964],[9.443915,42.804865],[9.443985,42.804842],[9.444077,42.804812],[9.444146,42.804788],[9.444802,42.804557],[9.444874,42.804531],[9.444969,42.804495],[9.445041,42.804468],[9.445772,42.804181],[9.445937,42.804112],[9.446155,42.804016],[9.446315,42.80394],[9.446667,42.803765],[9.446962,42.803602],[9.44734,42.80337],[9.447611,42.803186],[9.447828,42.803023],[9.447931,42.802942],[9.448066,42.802833],[9.448165,42.802749],[9.448447,42.802499],[9.448619,42.802333],[9.448838,42.802105],[9.448993,42.80193],[9.449177,42.801703],[9.449351,42.80146],[9.449561,42.801129],[9.449702,42.800874],[9.449785,42.800698],[9.44994,42.800245],[9.450075,42.799632],[9.450122,42.799165],[9.450059,42.7987],[9.449902,42.79809],[9.449731,42.79764],[9.449684,42.797548],[9.449479,42.797216],[9.449354,42.797046],[9.449331,42.796993],[9.449065,42.796605],[9.448657,42.796113],[9.44831,42.795762],[9.448219,42.795684],[9.447879,42.79543],[9.447399,42.795114],[9.447017,42.794894],[9.446739,42.794755],[9.446518,42.794653],[9.446216,42.794524],[9.445985,42.794434],[9.445751,42.79435],[9.445441,42.794251],[9.44502,42.794134],[9.444699,42.794057],[9.444502,42.794017],[9.444308,42.793991],[9.443894,42.793831],[9.443611,42.793743],[9.443486,42.793706],[9.443319,42.79366],[9.443192,42.793626],[9.442903,42.793554],[9.44246,42.793466],[9.44186,42.793376],[9.441586,42.793348],[9.441021,42.793224],[9.44072,42.793177],[9.440397,42.793137],[9.439964,42.793099],[9.439638,42.793081],[9.439572,42.79308],[9.439547,42.793076],[9.439278,42.793044],[9.439149,42.793032],[9.438974,42.792996],[9.438925,42.792958],[9.438524,42.792688],[9.438073,42.792465],[9.437446,42.792202],[9.436955,42.79203],[9.436699,42.791957],[9.43625,42.791853],[9.435642,42.791743],[9.435179,42.791682],[9.434709,42.791666],[9.434082,42.791673],[9.433613,42.791701],[9.433473,42.791716],[9.433187,42.791682],[9.432433,42.791634],[9.431865,42.791631],[9.431302,42.791693],[9.430565,42.791818],[9.430023,42.791943],[9.429717,42.792054],[9.429593,42.792091],[9.429055,42.792047],[9.428059,42.792041],[9.42759,42.792074],[9.427151,42.791981],[9.426903,42.791948],[9.426758,42.791931],[9.426562,42.791911],[9.426416,42.791898],[9.426218,42.791883],[9.425919,42.791861],[9.425839,42.791856],[9.425733,42.79185],[9.425653,42.791846],[9.425346,42.791833],[9.42497,42.791831],[9.42447,42.791848],[9.424457,42.791848],[9.42452,42.791422],[9.424535,42.791164],[9.424555,42.791059],[9.424568,42.790776],[9.424582,42.790743],[9.424706,42.790325],[9.42474,42.789898],[9.424723,42.78933],[9.424698,42.78915],[9.424725,42.789089],[9.42475,42.78903],[9.424783,42.788951],[9.424806,42.788892],[9.424889,42.788673],[9.424953,42.788475],[9.424989,42.788345],[9.425128,42.788013],[9.425273,42.78748],[9.425295,42.787314],[9.425306,42.787059],[9.425434,42.786852],[9.425621,42.786475],[9.425672,42.786343],[9.425729,42.786176],[9.425795,42.785951],[9.425837,42.785781],[9.425857,42.785681],[9.425855,42.785681],[9.425912,42.785357],[9.425951,42.784826],[9.42594,42.784427],[9.425848,42.784033],[9.425675,42.783517],[9.425506,42.783137],[9.425262,42.78278],[9.424892,42.782324],[9.424579,42.781997],[9.424426,42.781859],[9.424422,42.781854],[9.424103,42.781528],[9.424027,42.781462],[9.423941,42.781358],[9.423824,42.781237],[9.423563,42.780996],[9.42319,42.780692],[9.423189,42.780691],[9.42294,42.780415],[9.422584,42.780081],[9.422162,42.779792],[9.421908,42.779644],[9.421776,42.779543],[9.421711,42.779322],[9.421526,42.77888],[9.421521,42.778873],[9.421532,42.778817],[9.42154,42.77872],[9.42153,42.778299],[9.421457,42.77774],[9.421358,42.777325],[9.421206,42.777],[9.421199,42.776977],[9.421045,42.776608],[9.420822,42.776259],[9.42048,42.775811],[9.420191,42.775489],[9.419843,42.7752],[9.419343,42.774842],[9.418943,42.774593],[9.418583,42.774428],[9.418187,42.774244],[9.417422,42.773954],[9.417036,42.773839],[9.416723,42.773731],[9.415978,42.773527],[9.415403,42.773407],[9.414809,42.773359],[9.414016,42.773341],[9.413419,42.773364],[9.412835,42.773459],[9.412076,42.77363],[9.411521,42.773793],[9.411009,42.77402],[9.410364,42.774362],[9.40991,42.774648],[9.409524,42.774984],[9.409062,42.77546],[9.408756,42.775838],[9.408702,42.775919],[9.408534,42.776214],[9.408343,42.776615],[9.408294,42.776742],[9.408113,42.776779],[9.407727,42.776876],[9.407707,42.776882],[9.407679,42.776888],[9.407515,42.776929],[9.407392,42.776961],[9.407143,42.77703],[9.406525,42.777252],[9.405745,42.777603],[9.405194,42.777907],[9.404729,42.778281],[9.404498,42.778507],[9.404405,42.778578],[9.404098,42.778576],[9.403343,42.778616],[9.402779,42.778679],[9.402236,42.778805],[9.402031,42.778866],[9.401525,42.778574],[9.400974,42.778311],[9.400368,42.778125],[9.399537,42.777931],[9.398895,42.777828],[9.398239,42.77781],[9.397369,42.777845],[9.396719,42.777914],[9.39641,42.777968],[9.395621,42.778178],[9.394627,42.778543],[9.394574,42.778569],[9.393854,42.778422],[9.393252,42.778338],[9.392639,42.778329],[9.391826,42.778368],[9.391219,42.778435],[9.390636,42.778575],[9.390563,42.778598],[9.390459,42.778586],[9.390002,42.778556],[9.389544,42.778568],[9.388938,42.778611],[9.388485,42.778665],[9.388329,42.778691],[9.387757,42.778823],[9.387584,42.778875],[9.387439,42.77878],[9.387036,42.778551],[9.386777,42.778424],[9.386316,42.778233],[9.385681,42.77801],[9.385187,42.777869],[9.384672,42.777782],[9.383976,42.777703],[9.383817,42.777693],[9.383295,42.777556],[9.382995,42.777496],[9.382551,42.777429],[9.381954,42.777366],[9.381757,42.777355],[9.381754,42.777348],[9.381666,42.777133],[9.381592,42.776973],[9.381482,42.776756],[9.381431,42.77666],[9.381358,42.776532],[9.381319,42.776466],[9.381287,42.77626],[9.381233,42.776028],[9.381221,42.775978],[9.381204,42.775912],[9.38119,42.775862],[9.381126,42.775638],[9.380971,42.775246],[9.380713,42.774739],[9.38048,42.774369],[9.380174,42.774029],[9.37976,42.773637],[9.379772,42.773584],[9.379812,42.773359],[9.379842,42.772952],[9.379827,42.772412],[9.379774,42.772007],[9.379639,42.771612],[9.379406,42.771099],[9.379242,42.770813],[9.37923,42.770786],[9.379223,42.770762],[9.379125,42.770488],[9.378969,42.770128],[9.378832,42.769863],[9.378753,42.76973],[9.378723,42.769676],[9.378652,42.76942],[9.37843,42.768859],[9.378217,42.768448],[9.378085,42.768245],[9.377931,42.768053],[9.377796,42.767785],[9.377593,42.767453],[9.37744,42.767242],[9.377096,42.766853],[9.376579,42.766366],[9.376149,42.766025],[9.375646,42.765744],[9.374937,42.765415],[9.374802,42.765364],[9.374363,42.765173],[9.373678,42.764926],[9.373143,42.76477],[9.372583,42.764678],[9.371827,42.764599],[9.371253,42.764573],[9.370681,42.764613],[9.369929,42.76471],[9.369373,42.764815],[9.368846,42.764984],[9.368171,42.765247],[9.367686,42.765474],[9.367255,42.765754],[9.366724,42.766158],[9.366358,42.766485],[9.366066,42.766849],[9.36573,42.767354],[9.365519,42.767748],[9.365394,42.768161],[9.365287,42.768718],[9.365251,42.769141],[9.365305,42.769562],[9.365437,42.770116],[9.36558,42.770526],[9.365681,42.770743],[9.365911,42.771134],[9.366272,42.771635],[9.366583,42.771994],[9.366967,42.772313],[9.367061,42.77238]]]}},{"type":"Feature","properties":{"etape":7,"nom":"Étape 7","depart":"Olmeta","arrivee":"Bastia","parcours":"Olmeta → Bastia","buffer_m":500},"geometry":{"type":"Polygon","coordinates":[[[9.365063,42.768645],[9.365057,42.768673],[9.365068,42.769123],[9.36515,42.769717],[9.365262,42.770159],[9.365472,42.770581],[9.365814,42.771123],[9.366117,42.771513],[9.366503,42.771861],[9.367067,42.77229],[9.367526,42.772586],[9.367631,42.772643],[9.368119,42.772867],[9.368797,42.773126],[9.369326,42.77329],[9.369582,42.773337],[9.369652,42.773422],[9.369972,42.773713],[9.370434,42.774078],[9.370806,42.774333],[9.371222,42.774549],[9.371802,42.774806],[9.372255,42.774976],[9.372428,42.77503],[9.37243,42.775027],[9.372674,42.775107],[9.373349,42.775286],[9.373869,42.775393],[9.374011,42.775414],[9.37455,42.775463],[9.375271,42.77549],[9.375814,42.77548],[9.376033,42.775464],[9.376598,42.775389],[9.377337,42.775247],[9.377879,42.775108],[9.378385,42.774909],[9.379028,42.774606],[9.379485,42.77435],[9.379682,42.774221],[9.379809,42.774134],[9.379975,42.774014],[9.380097,42.773923],[9.380251,42.773801],[9.380396,42.773672],[9.38048,42.773621],[9.381028,42.773227],[9.381408,42.772907],[9.38147,42.772834],[9.381746,42.772667],[9.382123,42.772401],[9.38216,42.772371],[9.382549,42.771995],[9.382637,42.771891],[9.382734,42.771815],[9.383042,42.771483],[9.383406,42.77102],[9.383644,42.770657],[9.383806,42.770273],[9.383906,42.769955],[9.383942,42.769904],[9.384127,42.769595],[9.384337,42.769174],[9.384468,42.76885],[9.38449,42.768781],[9.38463,42.768556],[9.384682,42.768438],[9.384833,42.767937],[9.384833,42.767936],[9.384867,42.767844],[9.384961,42.767537],[9.385018,42.767305],[9.385036,42.767207],[9.385048,42.767121],[9.385189,42.766614],[9.385262,42.766175],[9.38524,42.765793],[9.3853,42.76569],[9.385373,42.765556],[9.385385,42.765532],[9.385484,42.765406],[9.385781,42.764967],[9.385973,42.764626],[9.38601,42.764545],[9.386133,42.764204],[9.386255,42.763743],[9.386316,42.763393],[9.386315,42.76304],[9.386272,42.762572],[9.386208,42.762222],[9.386083,42.761881],[9.386073,42.761861],[9.386137,42.761809],[9.386465,42.761497],[9.386728,42.761153],[9.387031,42.760678],[9.387222,42.760309],[9.387339,42.759924],[9.387443,42.759404],[9.387455,42.75928],[9.3875,42.759091],[9.387508,42.759031],[9.387593,42.758898],[9.387678,42.758755],[9.38775,42.758623],[9.387953,42.758107],[9.388031,42.757794],[9.388149,42.757461],[9.388239,42.757116],[9.388252,42.756958],[9.38826,42.75694],[9.388378,42.756666],[9.388491,42.756331],[9.388545,42.755987],[9.388579,42.755509],[9.388571,42.755149],[9.388565,42.755092],[9.388564,42.755083],[9.388538,42.75481],[9.388478,42.754448],[9.388415,42.754178],[9.388354,42.753983],[9.38834,42.753937],[9.388319,42.753875],[9.388303,42.753829],[9.388236,42.753642],[9.388163,42.753464],[9.388055,42.753229],[9.387966,42.753054],[9.387899,42.752937],[9.38786,42.752871],[9.38784,42.752839],[9.387698,42.752569],[9.387674,42.752538],[9.38783,42.752439],[9.38783,42.752439],[9.387872,42.752414],[9.387899,42.752395],[9.388005,42.752327],[9.388089,42.752265],[9.388088,42.752265],[9.388206,42.752183],[9.388245,42.752153],[9.388524,42.751944],[9.388868,42.751648],[9.389149,42.751319],[9.38923,42.751208],[9.389605,42.750844],[9.389611,42.750837],[9.389701,42.750759],[9.389988,42.750475],[9.390335,42.750079],[9.39057,42.74977],[9.390747,42.749441],[9.390748,42.749437],[9.390818,42.749399],[9.391135,42.749211],[9.391364,42.749063],[9.391586,42.748907],[9.391775,42.748764],[9.392017,42.748566],[9.392191,42.748413],[9.392419,42.748197],[9.392443,42.748172],[9.39248,42.748156],[9.392809,42.748],[9.393024,42.747884],[9.393123,42.747829],[9.393254,42.747754],[9.393352,42.747696],[9.393849,42.74739],[9.393926,42.747341],[9.394027,42.747275],[9.394102,42.747225],[9.394285,42.747099],[9.394557,42.74689],[9.394698,42.74677],[9.394749,42.746731],[9.394998,42.74653],[9.395141,42.746404],[9.395234,42.746329],[9.3956,42.745995],[9.395854,42.745731],[9.39606,42.745451],[9.396091,42.745418],[9.396132,42.745367],[9.396312,42.745181],[9.396685,42.744726],[9.396931,42.74437],[9.396999,42.744252],[9.397,42.744249],[9.397129,42.744023],[9.397281,42.743716],[9.397381,42.743482],[9.397429,42.743349],[9.39744,42.743316],[9.397491,42.743211],[9.397597,42.742948],[9.397654,42.742908],[9.397992,42.742631],[9.398223,42.74238],[9.398567,42.742156],[9.398693,42.742061],[9.398776,42.742013],[9.399228,42.741707],[9.399498,42.741451],[9.399882,42.74128],[9.400402,42.740999],[9.400846,42.740657],[9.40138,42.740165],[9.401737,42.73977],[9.401994,42.739335],[9.402265,42.738737],[9.40237,42.738412],[9.402515,42.738303],[9.402758,42.738102],[9.403162,42.737698],[9.403426,42.737375],[9.403424,42.737374],[9.403458,42.737336],[9.403492,42.737294],[9.403628,42.737127],[9.403687,42.737051],[9.403788,42.736918],[9.403952,42.736673],[9.404017,42.736562],[9.404148,42.736303],[9.404298,42.735952],[9.404302,42.735941],[9.404303,42.735938],[9.404378,42.735778],[9.40459,42.735466],[9.40473,42.735229],[9.404998,42.735104],[9.4054,42.734849],[9.405899,42.734484],[9.406247,42.734189],[9.406357,42.734081],[9.406534,42.733885],[9.406878,42.733812],[9.407336,42.733697],[9.407354,42.733693],[9.407532,42.733648],[9.407685,42.733605],[9.407975,42.733521],[9.407977,42.73352],[9.408023,42.733509],[9.40815,42.733475],[9.408284,42.733438],[9.408799,42.733328],[9.409064,42.733233],[9.409487,42.733128],[9.409636,42.733068],[9.410034,42.732959],[9.410707,42.73273],[9.411194,42.73253],[9.411509,42.732349],[9.411641,42.732294],[9.412035,42.732075],[9.412121,42.73202],[9.412552,42.73196],[9.41336,42.731794],[9.413952,42.73163],[9.414223,42.731513],[9.414361,42.731468],[9.414647,42.731365],[9.414992,42.731227],[9.415203,42.731136],[9.415478,42.731008],[9.415681,42.730906],[9.415902,42.730787],[9.416084,42.730682],[9.416223,42.730597],[9.416613,42.73039],[9.417106,42.730075],[9.417516,42.729701],[9.418008,42.729159],[9.418326,42.728727],[9.418412,42.72858],[9.418592,42.728196],[9.418638,42.728066],[9.418643,42.728066],[9.419683,42.727954],[9.419772,42.727937],[9.419837,42.727932],[9.420081,42.727907],[9.420183,42.727894],[9.420749,42.727787],[9.421483,42.727601],[9.422019,42.727429],[9.42251,42.727196],[9.423128,42.726849],[9.423563,42.726561],[9.423931,42.726226],[9.424369,42.725754],[9.424468,42.725627],[9.424694,42.725479],[9.42487,42.725343],[9.424916,42.725301],[9.424955,42.725276],[9.42504,42.725219],[9.4254,42.724941],[9.42549,42.724849],[9.425716,42.724701],[9.426215,42.724324],[9.426562,42.72402],[9.426844,42.723683],[9.427173,42.723215],[9.427287,42.723019],[9.427389,42.722876],[9.427598,42.722524],[9.427681,42.722352],[9.427755,42.722182],[9.427842,42.721954],[9.427901,42.721781],[9.427901,42.721781],[9.428141,42.721867],[9.428923,42.722072],[9.429995,42.722255],[9.43082,42.722325],[9.430876,42.722325],[9.431033,42.722316],[9.431222,42.72233],[9.431908,42.722343],[9.432424,42.722325],[9.432931,42.722255],[9.433595,42.722126],[9.434084,42.722004],[9.434544,42.721832],[9.435133,42.721572],[9.435411,42.721429],[9.435412,42.72143],[9.435514,42.721378],[9.435549,42.721357],[9.435556,42.721353],[9.435615,42.721318],[9.435897,42.721152],[9.435921,42.721136],[9.436217,42.720997],[9.436566,42.720783],[9.437007,42.720478],[9.437318,42.720234],[9.437416,42.720147],[9.437604,42.720101],[9.437858,42.720097],[9.437985,42.720162],[9.438359,42.720331],[9.438758,42.720465],[9.439302,42.720621],[9.439719,42.720719],[9.43984,42.720742],[9.440053,42.720783],[9.440904,42.720869],[9.442041,42.720884],[9.442895,42.720821],[9.443215,42.720769],[9.443214,42.720765],[9.443515,42.720724],[9.444399,42.72054],[9.4445,42.72053],[9.444704,42.720505],[9.444975,42.720466],[9.445177,42.720433],[9.445439,42.720384],[9.44571,42.720325],[9.446067,42.720236],[9.446306,42.720169],[9.446338,42.720168],[9.446866,42.720123],[9.44738,42.720022],[9.448048,42.719851],[9.448536,42.719696],[9.448555,42.719688],[9.449034,42.719508],[9.449692,42.719211],[9.450162,42.71896],[9.450571,42.718656],[9.450818,42.718442],[9.451014,42.718376],[9.45113,42.718327],[9.451626,42.71826],[9.452381,42.718109],[9.452934,42.717962],[9.453449,42.717752],[9.4541,42.717433],[9.454563,42.717165],[9.454961,42.716846],[9.455442,42.716391],[9.455765,42.716029],[9.456006,42.715633],[9.45614,42.715354],[9.45639,42.71511],[9.456715,42.71473],[9.45695,42.714316],[9.4572,42.713749],[9.457227,42.713662],[9.457352,42.713543],[9.457722,42.71311],[9.457879,42.712881],[9.45797,42.712739],[9.458083,42.712547],[9.458154,42.712416],[9.458435,42.71226],[9.458835,42.711957],[9.459322,42.711524],[9.459653,42.711178],[9.459906,42.710798],[9.460187,42.710275],[9.460357,42.70987],[9.460438,42.709451],[9.460487,42.70889],[9.460478,42.708467],[9.46038,42.70805],[9.460191,42.707505],[9.460006,42.707104],[9.459738,42.70673],[9.45933,42.706254],[9.458986,42.705916],[9.458574,42.705621],[9.457987,42.705262],[9.457518,42.705018],[9.457002,42.704831],[9.456293,42.704624],[9.455745,42.704499],[9.455177,42.704439],[9.454416,42.704403],[9.453842,42.704409],[9.453277,42.704481],[9.452537,42.704621],[9.451994,42.704757],[9.451686,42.704855],[9.4515,42.704919],[9.451254,42.70501],[9.451072,42.705082],[9.450757,42.705215],[9.450477,42.705346],[9.450115,42.705533],[9.449852,42.705682],[9.449714,42.705768],[9.449425,42.705969],[9.44906,42.706252],[9.448802,42.706475],[9.448758,42.706518],[9.448701,42.706564],[9.448257,42.706984],[9.447956,42.707318],[9.447725,42.707681],[9.447716,42.707697],[9.447696,42.707722],[9.447452,42.70807],[9.447448,42.708076],[9.447443,42.708083],[9.447439,42.708089],[9.447202,42.708431],[9.447161,42.708494],[9.446768,42.708848],[9.446544,42.709089],[9.446359,42.709259],[9.445946,42.709706],[9.44567,42.710058],[9.445649,42.710096],[9.44547,42.710175],[9.445017,42.710277],[9.444408,42.710458],[9.444334,42.710486],[9.443874,42.710693],[9.443291,42.711001],[9.442878,42.711255],[9.442612,42.711475],[9.442589,42.711466],[9.442498,42.711441],[9.442274,42.711364],[9.441512,42.711159],[9.440924,42.711039],[9.44048,42.710978],[9.440031,42.710938],[9.439432,42.710911],[9.43898,42.710911],[9.438848,42.710917],[9.438742,42.710912],[9.438259,42.710912],[9.438115,42.710919],[9.43769,42.710962],[9.437537,42.710946],[9.437272,42.710932],[9.43694,42.710926],[9.436498,42.710932],[9.436167,42.710948],[9.435995,42.710962],[9.435465,42.711034],[9.434771,42.711169],[9.434261,42.711298],[9.434089,42.711353],[9.434047,42.711365],[9.434049,42.71137],[9.433625,42.711502],[9.433382,42.711597],[9.433292,42.711612],[9.433192,42.71163],[9.432853,42.711695],[9.432665,42.711738],[9.432145,42.711416],[9.43167,42.711166],[9.431148,42.710975],[9.430428,42.710763],[9.429871,42.710636],[9.429294,42.710576],[9.428521,42.710541],[9.427938,42.710549],[9.427842,42.710556],[9.427376,42.710613],[9.426763,42.710718],[9.426549,42.710765],[9.426393,42.710775],[9.426246,42.710793],[9.426247,42.710796],[9.426078,42.710807],[9.425076,42.71095],[9.424915,42.710986],[9.424766,42.710993],[9.423876,42.711099],[9.423219,42.711223],[9.422605,42.711436],[9.422301,42.711567],[9.422191,42.711589],[9.421674,42.711762],[9.421213,42.711949],[9.421213,42.711949],[9.421176,42.711963],[9.42099,42.71204],[9.420537,42.71226],[9.420458,42.712306],[9.420202,42.712434],[9.419712,42.712727],[9.419298,42.713078],[9.419212,42.713165],[9.419174,42.713191],[9.418711,42.713579],[9.418357,42.714026],[9.417967,42.714649],[9.417735,42.715137],[9.417707,42.715221],[9.417614,42.715637],[9.41755,42.716196],[9.417549,42.716278],[9.417315,42.716569],[9.417111,42.716861],[9.416957,42.717169],[9.416787,42.717587],[9.416685,42.717907],[9.416664,42.717997],[9.416656,42.718064],[9.416617,42.71818],[9.41661,42.718207],[9.416332,42.718693],[9.416332,42.718694],[9.416162,42.718902],[9.415995,42.718993],[9.415536,42.719289],[9.415512,42.719311],[9.41538,42.719332],[9.415297,42.719331],[9.415275,42.719332],[9.415092,42.71932],[9.414446,42.719309],[9.413998,42.719284],[9.413724,42.719236],[9.413536,42.71921],[9.413184,42.719132],[9.412618,42.719041],[9.412368,42.719016],[9.412114,42.718997],[9.411812,42.718983],[9.411583,42.71896],[9.411288,42.718948],[9.410845,42.71895],[9.410256,42.718979],[9.409983,42.719004],[9.409773,42.719014],[9.409191,42.719111],[9.408435,42.719287],[9.407882,42.719454],[9.407373,42.719684],[9.406733,42.72003],[9.406282,42.720318],[9.4059,42.720657],[9.405444,42.721135],[9.405142,42.721515],[9.404928,42.721926],[9.404705,42.722488],[9.404585,42.722919],[9.404558,42.723082],[9.404532,42.72347],[9.404547,42.723986],[9.404597,42.724373],[9.404712,42.72472],[9.404502,42.724876],[9.4045,42.724876],[9.4045,42.724876],[9.404494,42.724878],[9.404405,42.72491],[9.404274,42.724937],[9.404111,42.724983],[9.404057,42.724999],[9.403985,42.725021],[9.403931,42.725037],[9.403927,42.725038],[9.403812,42.725066],[9.40361,42.725121],[9.403495,42.725156],[9.40339,42.725159],[9.403233,42.725173],[9.402461,42.725306],[9.402429,42.725314],[9.402228,42.725347],[9.402097,42.725381],[9.401962,42.725425],[9.401875,42.725448],[9.401598,42.725487],[9.401068,42.725593],[9.400565,42.725757],[9.399921,42.726011],[9.399458,42.726229],[9.399262,42.726337],[9.39914,42.726407],[9.398981,42.726503],[9.398864,42.726576],[9.398754,42.726648],[9.398248,42.727055],[9.397715,42.727582],[9.39767,42.727622],[9.397523,42.727777],[9.397418,42.727859],[9.396981,42.728251],[9.396968,42.728265],[9.396564,42.728473],[9.396106,42.728753],[9.395882,42.728943],[9.395596,42.729139],[9.395482,42.729229],[9.395006,42.729698],[9.394758,42.730007],[9.394696,42.730063],[9.394438,42.730322],[9.394125,42.730682],[9.393911,42.730962],[9.393744,42.731259],[9.393648,42.731464],[9.393629,42.731493],[9.393537,42.731647],[9.393397,42.731846],[9.393173,42.732214],[9.39306,42.73243],[9.392746,42.732603],[9.392196,42.732954],[9.39181,42.733241],[9.391487,42.733567],[9.391102,42.734022],[9.390848,42.73438],[9.390669,42.734761],[9.390614,42.734915],[9.390355,42.735325],[9.390296,42.735441],[9.390244,42.735484],[9.389985,42.735643],[9.389833,42.735756],[9.389604,42.735956],[9.389596,42.735962],[9.389269,42.736197],[9.389038,42.736339],[9.388563,42.73669],[9.388423,42.736841],[9.388321,42.73691],[9.388167,42.737019],[9.388054,42.737102],[9.387809,42.737291],[9.38764,42.73743],[9.387425,42.737621],[9.38727,42.737768],[9.387182,42.737858],[9.386846,42.738277],[9.386469,42.738861],[9.386241,42.739318],[9.386226,42.739381],[9.386101,42.739638],[9.385928,42.740088],[9.385827,42.740431],[9.385802,42.74056],[9.385728,42.740633],[9.385461,42.740753],[9.385173,42.740896],[9.384803,42.7411],[9.384535,42.741263],[9.384332,42.741399],[9.38419,42.741486],[9.383916,42.741674],[9.383569,42.741938],[9.383323,42.742146],[9.383222,42.74224],[9.383225,42.742241],[9.383114,42.742338],[9.38308,42.742349],[9.382673,42.742505],[9.382439,42.742609],[9.382237,42.742706],[9.381974,42.742841],[9.38178,42.742947],[9.381595,42.743056],[9.381272,42.743272],[9.380865,42.743576],[9.380578,42.743819],[9.380332,42.744084],[9.380035,42.744451],[9.379834,42.744736],[9.379765,42.74485],[9.379715,42.744947],[9.379618,42.744962],[9.379403,42.744991],[9.379243,42.745021],[9.379245,42.745027],[9.379066,42.745055],[9.37906,42.745056],[9.378679,42.745129],[9.378148,42.745264],[9.377651,42.745457],[9.377018,42.74575],[9.376567,42.745996],[9.376172,42.746291],[9.375689,42.746712],[9.37536,42.747047],[9.375105,42.747416],[9.374818,42.747925],[9.374642,42.748318],[9.37463,42.748354],[9.374532,42.748823],[9.374477,42.74945],[9.374491,42.749924],[9.37459,42.750286],[9.374534,42.750334],[9.374142,42.750746],[9.37386,42.751203],[9.373564,42.751834],[9.373402,42.752322],[9.373393,42.752367],[9.373368,42.752998],[9.373368,42.753002],[9.37335,42.753268],[9.373373,42.753745],[9.37351,42.75421],[9.373765,42.754815],[9.374011,42.755256],[9.374061,42.755327],[9.374203,42.75551],[9.374404,42.755748],[9.374565,42.755923],[9.374692,42.75605],[9.374712,42.75607],[9.374738,42.756096],[9.374222,42.7564],[9.37377,42.756716],[9.373398,42.757085],[9.372961,42.757604],[9.372678,42.758014],[9.372495,42.758453],[9.372319,42.759049],[9.372239,42.759505],[9.372231,42.759641],[9.37225,42.760057],[9.372333,42.760606],[9.372438,42.761014],[9.372493,42.761129],[9.372527,42.761287],[9.372627,42.761618],[9.372783,42.761937],[9.373009,42.762322],[9.373037,42.762386],[9.373054,42.762415],[9.373136,42.762545],[9.373413,42.762952],[9.373457,42.763008],[9.37325,42.763314],[9.37302,42.763294],[9.372381,42.763278],[9.372254,42.763283],[9.371641,42.763345],[9.370838,42.763479],[9.370485,42.763562],[9.37035,42.763573],[9.369605,42.763674],[9.369055,42.763782],[9.368535,42.763951],[9.367868,42.764215],[9.36739,42.764442],[9.366964,42.764721],[9.36644,42.765123],[9.366078,42.765447],[9.365789,42.765808],[9.365457,42.766309],[9.365248,42.766699],[9.365123,42.767108],[9.365015,42.76766],[9.364977,42.768079],[9.365029,42.768496],[9.365063,42.768645]]]}}]}